period,cave,num,name,cat1,cat2.1,cat2.2,,path,allhex,HEX1,HEX2,HEX3,HEX4,HEX5,COLOR1,COLOR2,COLOR3,COLOR4,COLOR5,Murals images
First Tang,57,1,说法图,经变画 Buddhist Sutra Art,Buddhism,,1,"../public/1ct/1 说法图.jpeg',","#ba9a86,#7d7074,#493134,#cebcb2,#986755",#ba9a86,#7d7074,#493134,#cebcb2,#986755,,,,,,
First Tang,57,2,菩萨胸像,佛像画Buddhist painting,Politics/History,,1,"../public/1ct/2 菩萨胸像.jpeg',","#b5a095,#2e2631,#956d52,#716571,#583631",#b5a095,#2e2631,#956d52,#716571,#583631,,,,,,
First Tang,57,3,阿难,佛像画Buddhist painting,Buddhism,,2,"../public/1ct/3 阿难.jpeg',","#c1aa99,#1b151b,#754433,#907d7b,#4c363f",#c1aa99,#1b151b,#754433,#907d7b,#4c363f,,,,,,
First Tang,57,4,说法图,经变画 Buddhist Sutra Art,Buddhism,,2,"../public/1ct/4 说法图.jpeg',","#aa896e,#281d23,#6f706b,#68453e,#afa199",#aa896e,#281d23,#6f706b,#68453e,#afa199,,,,,,
First Tang,57,5,菩萨二身,佛像画Buddhist painting,Buddhism,,3,"../public/1ct/5 菩萨二身.jpeg',","#68575a,#7a3225,#372023,#908985,#916151",#68575a,#7a3225,#372023,#908985,#916151,,,,,,
First Tang,57,6,思惟菩萨,佛像画Buddhist painting,Buddhism,,4,"../public/1ct/6 思惟菩萨.jpeg',","#966a54,#7d7a74,#532c2c,#8b3d27,#b09e99",#966a54,#7d7a74,#532c2c,#8b3d27,#b09e99,,,,,,
First Tang,57,7,飞天,佛像画Buddhist painting,Buddhism,Feitian,5,"../public/1ct/7 飞天.jpeg',","#ad896b,#171114,#736e60,#51352d,#b4a091",#ad896b,#171114,#736e60,#51352d,#b4a091,,,,,,
First Tang,57,8,文殊菩萨,佛像画Buddhist painting,Buddhism,,6,"../public/1ct/8 文殊.jpeg',","#d6c5b5,#160f12,#837a62,#522a24,#bd9e83",#d6c5b5,#160f12,#837a62,#522a24,#bd9e83,,,,,,
First Tang,57,9,维摩诘,佛像画Buddhist painting,Buddhism,,7,"../public/1ct/9 维摩诘.jpeg',","#191318,#bfa99a,#4c2927,#916950,#716c66",#191318,#bfa99a,#4c2927,#916950,#716c66,,,,,,
First Tang,220,10,阿弥陀净土变,经变画 Buddhist Sutra Art,Buddhism,,3,"../public/1ct/10 阿弥陀净土变.jpeg',","#8b8074,#976651,#c9bbad,#573f3e,#bd967d",#8b8074,#976651,#c9bbad,#573f3e,#bd967d,,,,,,
First Tang,220,11,观音,佛像画Buddhist painting,Buddhism,,8,"../public/1ct/11 观音.jpeg',","#a59486,#453231,#d4cbc7,#906453,#71716b",#a59486,#453231,#d4cbc7,#906453,#71716b,,,,,,
First Tang,220,12,菩萨,佛像画Buddhist painting,Buddhism,,9,"../public/1ct/12 菩萨.jpeg',","#a47463,#4a2c29,#8f8f88,#c8ada1,#605a63",#a47463,#4a2c29,#8f8f88,#c8ada1,#605a63,,,,,,
First Tang,220,13,菩萨一组,佛像画Buddhist painting,Buddhism ,,10,"../public/1ct/13 菩萨一组.jpeg',","#997362,#2e272e,#b4a49c,#68453d,#757976",#997362,#2e272e,#b4a49c,#68453d,#757976,,,,,,
First Tang,220,14,恣蓝菩萨,佛像画Buddhist painting,Buddhism,,11,"../public/1ct/14 姿lan菩萨.jpeg',","#828980,#312223,#ae836e,#beb2a7,#6f5049",#828980,#312223,#ae836e,#beb2a7,#6f5049,,,,,,
First Tang,220,15,持莲花菩萨,佛像画Buddhist painting,Buddhism,,12,"../public/1ct/15 持莲华菩萨.jpeg',","#a18571,#bcaa9e,#412121,#885743,#dbd1ce",#a18571,#bcaa9e,#412121,#885743,#dbd1ce,,,,,,
First Tang,220,16,持莲花菩萨,佛像画Buddhist painting,Buddhism,,13,"../public/1ct/16 持莲华菩萨.jpeg',","#b59887,#9c705c,#cbbab5,#64322d,#737368",#b59887,#9c705c,#cbbab5,#64322d,#737368,,,,,,
First Tang,220,17,东方药师经变,经变画 Buddhist Sutra Art,Buddhism,,4,"../public/1ct/17 东方药师经变.jpeg',","#967c6d,#684d46,#bba694,#8e5b44,#3a2425",#967c6d,#684d46,#bba694,#8e5b44,#3a2425,,,,,,
First Tang,220,18,各国王子,故事画 Story painting,Politics/History,,1,"../public/1ct/18 各国王子.jpeg',","#ad9283,#311c1c,#a1765c,#c7b6b2,#714e44",#ad9283,#311c1c,#a1765c,#c7b6b2,#714e44,,,,,,
First Tang,220,19,乐队,经变画 Buddhist Sutra Art,Music,,5,"../public/1ct/19 乐队.jpeg',","#b3988a,#926d5d,#382b30,#d5c3ba,#6a3a31",#b3988a,#926d5d,#382b30,#d5c3ba,#6a3a31,,,,,,
First Tang,220,20,乐队,经变画 Buddhist Sutra Art,Music,,6,"../public/1ct/20 乐队.jpeg',","#906757,#281d23,#d2bdb3,#613d38,#af9181",#906757,#281d23,#d2bdb3,#613d38,#af9181,,,,,,
First Tang,220,21,帝王出行图,故事画 Story painting,Politics/History,,2,"../public/1ct/21 帝王出行图.jpeg',","#ae8469,#c9b2a6,#4f2e2d,#9b583f,#84776e",#ae8469,#c9b2a6,#4f2e2d,#9b583f,#84776e,,,,,,
First Tang,220,22,菩萨,佛像画Buddhist painting,Buddhism,,14,"../public/1ct/22 菩萨.jpeg',","#4d2424,#666861,#864431,#21171c,#b69983",#4d2424,#666861,#864431,#21171c,#b69983,,,,,,
First Tang,220,23,十二药叉,佛像画Buddhist painting,Buddhism,,15,"../public/1ct/23 十二药叉.jpeg',","#b2987e,#5f3e39,#d1bfac,#2b1617,#8e6c5a",#b2987e,#5f3e39,#d1bfac,#2b1617,#8e6c5a,,,,,,
First Tang,220,24,说法图,经变画 Buddhist Sutra Art,Buddhism,,7,"../public/1ct/24 说法图-.jpeg',","#a8785a,#b7957e,#4f251d,#7b5d49,#d3b8a6",#a8785a,#b7957e,#4f251d,#7b5d49,#d3b8a6,,,,,,
First Tang,220,25,天女燃灯,经变画 Buddhist Sutra Art,Buddhism,,8,"../public/1ct/25 天女燃灯.jpeg',","#a69482,#5a3b34,#cfc0b7,#2b2023,#816a5a",#a69482,#5a3b34,#cfc0b7,#2b2023,#816a5a,,,,,,
First Tang,220,26,外国君长,故事画 Story painting,Politics/History,,3,"../public/1ct/26 外国君长.jpeg',","#ccbbb7,#ac826a,#3e2122,#83776c,#85543e",#ccbbb7,#ac826a,#3e2122,#83776c,#85543e,,,,,,
First Tang,220,27,维摩诘,佛像画Buddhist painting,Buddhism,,16,"../public/1ct/27 维摩诘-.jpeg',","#9c7e69,#664839,#c0b1a9,#3a1f1b,#7f817f",#9c7e69,#664839,#c0b1a9,#3a1f1b,#7f817f,,,,,,
First Tang,220,28,文殊及帝王,故事画 Story painting,Buddhism,,4,"../public/1ct/28 文殊及帝王-.jpeg',","#a7876d,#c7b9b0,#89543c,#49342f,#748173",#a7876d,#c7b9b0,#89543c,#49342f,#748173,,,,,,
First Tang,220,29,舞乐图,经变画 Buddhist Sutra Art,Dance,,9,"../public/1ct/29 舞乐图.jpeg',","#ae8171,#71514d,#cbb1a7,#36282d,#858177",#ae8171,#71514d,#cbb1a7,#36282d,#858177,,,,,,
First Tang,220,30,云中菩萨,佛像画Buddhist painting,Buddhism,,17,"../public/1ct/30 云中菩萨.jpeg',","#977a67,#6a6c70,#6f4b3f,#bbada2,#3f2221",#977a67,#6a6c70,#6f4b3f,#bbada2,#3f2221,,,,,,
First Tang,220,31,中亚使者,故事画 Story painting,Politics/History,,5,"../public/1ct/31 中亚使者.jpeg',","#b88766,#2f1d1c,#b79b8c,#7d5b4f,#d8c5bc",#b88766,#2f1d1c,#b79b8c,#7d5b4f,#d8c5bc,,,,,,
First Tang,220,32,舞乐图,经变画 Buddhist Sutra Art,Dance,,10,"../public/1ct/32 舞乐图.jpeg',","#9f8b7f,#6a534d,#9c715c,#362829,#cab7a9",#9f8b7f,#6a534d,#9c715c,#362829,#cab7a9,,,,,,
First Tang,322,33,说法图,经变画 Buddhist Sutra Art,Buddhism,,11,"../public/1ct/33 说法图.jpeg',","#b98b6a,#2f2328,#97472c,#ccbbb5,#796659",#b98b6a,#2f2328,#97472c,#ccbbb5,#796659,,,,,,
First Tang,322,34,乘象入胎,故事画 Story painting,Buddhism,,6,"../public/1ct/34 乘象入胎.jpeg',","#a59293,#712b22,#3d1a1d,#a97a63,#dacdcb",#a59293,#712b22,#3d1a1d,#a97a63,#dacdcb,,,,,,
First Tang,322,35,夜半逾城,故事画 Story painting,Buddhism,,7,"../public/1ct/35 夜半逾城.jpeg',","#1b131b,#d1c8c6,#732d29,#9a7463,#4a1d21",#1b131b,#d1c8c6,#732d29,#9a7463,#4a1d21,,,,,,
First Tang,322,36,树下说法图,故事画 Story painting,Buddhism,,8,"../public/1ct/36 树下说法图.jpeg',","#e0d7d2,#b38a6d,#3f2e2d,#99462f,#918c84",#e0d7d2,#b38a6d,#3f2e2d,#99462f,#918c84,,,,,,
First Tang,322,37,供养菩萨,佛像画Buddhist painting,Buddhism,,18,"../public/1ct/37 供养菩萨.jpeg',","#e4dbd8,#9f6951,#948982,#4e3739,#923d23",#e4dbd8,#9f6951,#948982,#4e3739,#923d23,,,,,,
First Tang,322,38,莲花漫岗纹藻井,装饰图案画Decorative pattern painting,Buddhism,,1,"../public/1ct/38 漫岗纹藻井.jpeg',","#ddd8d9,#6c5050,#9e8e8b,#7d392e,#3e1c22",#ddd8d9,#6c5050,#9e8e8b,#7d392e,#3e1c22,,,,,,
First Tang,322,39,说法图,经变画 Buddhist Sutra Art,Buddhism,,12,"../public/1ct/39 说法图.jpeg',","#bc8368,#d4c5c0,#33272c,#7f7b7a,#6f4a45",#bc8368,#d4c5c0,#33272c,#7f7b7a,#6f4a45,,,,,,
First Tang,322,40,药师佛,佛像画Buddhist painting,Buddhism,,19,"../public/1ct/40 药师佛.jpeg',","#aa8666,#b2a69a,#74635d,#8b4733,#412728",#aa8666,#b2a69a,#74635d,#8b4733,#412728,,,,,,
First Tang,322,41,阿弥勒净土变,经变画 Buddhist Sutra Art,Buddhism,,13,"../public/1ct/41 阿弥勒净土变.jpeg',","#ddd7cf,#7f756d,#bfae96,#403230,#af6f56",#ddd7cf,#7f756d,#bfae96,#403230,#af6f56,,,,,,
First Tang,322,42,群飞天,,Buddhism,Feitian,,"../public/1ct/42 群飞天.jpeg',","#a2755f,#582626,#833827,#ab9ea4,#453740",#a2755f,#582626,#833827,#ab9ea4,#453740,,,,,,
First Tang,322,43,持幡飞天,经变画 Buddhist Sutra Art,Buddhism,,14,"../public/1ct/43 持幡飞天.jpeg',","#c09772,#5d4b43,#c9bcb4,#2f2524,#7f7669",#c09772,#5d4b43,#c9bcb4,#2f2524,#7f7669,,,,,,
First Tang,375,44,男供养人,供养人面画 Portrait of Donors,Life,,1,"../public/1ct/44 男供养人.jpeg',","#ad8254,#ded1c8,#776152,#bea590,#372a21",#ad8254,#ded1c8,#776152,#bea590,#372a21,,,,,,
First Tang,375,45,女供养人,供养人面画 Portrait of Donors,Life,,2,"../public/1ct/45 女供养人.jpeg',","#a67b52,#b69d85,#2a1b17,#6a5546,#d8cabc",#a67b52,#b69d85,#2a1b17,#6a5546,#d8cabc,,,,,,
First Tang,375,46,乘象入胎,故事画 Story painting,Buddhism,,9,"../public/1ct/46 乘象入胎.jpeg',","#19161a,#bf7958,#b8acaf,#594852,#975b45",#19161a,#bf7958,#b8acaf,#594852,#975b45,,,,,,
First Tang,375,47,半夜逾城,故事画 Story painting,Buddhism,,10,"../public/1ct/47 夜半逾城.jpeg',","#1a161c,#b17561,#b7adb4,#a75d44,#5b474f",#1a161c,#b17561,#b7adb4,#a75d44,#5b474f,,,,,,
First Tang,375,48,天王二身,佛像画Buddhist painting,Buddhism,,20,"../public/1ct/48 天王二身.jpeg',","#261e22,#b1866d,#5c5052,#b8aeaa,#a66f52",#261e22,#b1866d,#5c5052,#b8aeaa,#a66f52,,,,,,
First Tang,431,49,宝树观,故事画 Story painting,Buddhism,,11,"../public/1ct/49 宝树观.jpeg',","#c7c1b5,#787666,#ad9151,#534c3f,#a89e8d",#c7c1b5,#787666,#ad9151,#534c3f,#a89e8d,,,,,,
First Tang,431,50,宝楼观,故事画 Story painting,Buddhism,,12,"../public/1ct/50 宝楼观.jpeg',","#a9a090,#6b6354,#a3885f,#3b332b,#c2beb3",#a9a090,#6b6354,#a3885f,#3b332b,#c2beb3,,,,,,
First Tang,431,51,马夫与马,故事画 Story painting,Life,,13,"../public/1ct/51 马夫与马.jpeg',","#c6bfb6,#8b715a,#675d57,#a59789,#382a26",#c6bfb6,#8b715a,#675d57,#a59789,#382a26,,,,,,
First Tang,431,52,观无量寿经之未生怨,故事画 Story painting,Buddhism,,14,"../public/1ct/52 经变图.jpeg',","#f4f1f1,#24191b,#886e5a,#5a4138,#bb9f88",#f4f1f1,#24191b,#886e5a,#5a4138,#bb9f88,,,,,,
First Tang,401,53,持磐菩萨,佛像画Buddhist painting,Buddhism,,21,"../public/1ct/53 持磐菩萨.jpeg',","#b7aa99,#6c5a4e,#322524,#9f8264,#cdc7c1",#b7aa99,#6c5a4e,#322524,#9f8264,#cdc7c1,,,,,,
First Tang,329,54,半夜逾城,故事画 Story painting,Buddhism,,15,"../public/1ct/54 1-半夜逾城.jpeg',","#968e87,#201618,#cdbdb3,#595763,#87463d",#968e87,#201618,#cdbdb3,#595763,#87463d,,,,,,
First Tang,329,55,乘虎仙人,,Buddhism,,,"../public/1ct/55 2-乘虎仙人.jpeg',","#968a7b,#1b1419,#743c2f,#d2bcad,#544e55",#968a7b,#1b1419,#743c2f,#d2bcad,#544e55,,,,,,
First Tang,329,56,乘龙仙人,,Buddhism,,,"../public/1ct/56 乘龙仙人.jpeg',","#cfbeac,#3c2123,#aa9079,#62666b,#7f3f30",#cfbeac,#3c2123,#aa9079,#62666b,#7f3f30,,,,,,
First Tang,329,57,乘象入胎,故事画 Story painting,Buddhism,,16,"../public/1ct/57 4乘象入胎.jpeg',","#1e181f,#c8b6a6,#7a332b,#55545f,#988577",#1e181f,#c8b6a6,#7a332b,#55545f,#988577,,,,,,
First Tang,329,58,飞天,,Buddhism,Feitian,,"../public/1ct/58 5-飞天1.jpeg',","#9e7555,#a39180,#535856,#623325,#c9c1bf",#9e7555,#a39180,#535856,#623325,#c9c1bf,,,,,,
First Tang,329,59,飞天,,Buddhism,Feitian,,"../public/1ct/59 6-飞天2.jpeg',","#9a6e52,#b8afac,#48494a,#713524,#a78d77",#9a6e52,#b8afac,#48494a,#713524,#a78d77,,,,,,
First Tang,329,60,飞天藻井,装饰图案画Decorative pattern painting,Zaojing Pattern,Feitian,2,"../public/1ct/60 7-飞天藻井.jpeg',","#7e7c82,#3b2a32,#52698c,#7e473a,#c1b7b6",#7e7c82,#3b2a32,#52698c,#7e473a,#c1b7b6,,,,,,
First Tang,329,61,供养人与马群,供养人面画 Portrait of Donors,Life,,3,"../public/1ct/61 8-供养人与马群.jpeg',","#b6a190,#907461,#523f37,#8c4f3d,#cdc0b4",#b6a190,#907461,#523f37,#8c4f3d,#cdc0b4,,,,,,
First Tang,329,62,供养人与牛车,供养人面画 Portrait of Donors,Life,,4,"../public/1ct/62 9-供养人与牛车.jpeg',","#d2c2b0,#9b785a,#2c2022,#6f5f58,#b09a87",#d2c2b0,#9b785a,#2c2022,#6f5f58,#b09a87,,,,,,
First Tang,329,63,化生童子,,Buddhism,,,"../public/1ct/63 10-化生童子.jpeg',","#b59889,#140d10,#7d5850,#cfbdb2,#3e1e1d",#b59889,#140d10,#7d5850,#cfbdb2,#3e1e1d,,,,,,
First Tang,329,64,弥勒经变,经变画 Buddhist Sutra Art,Buddhism,,15,"../public/1ct/64 11-弥勒经变.jpeg',","#572f30,#706266,#b19989,#a05341,#2a1f2c",#572f30,#706266,#b19989,#a05341,#2a1f2c,,,,,,
First Tang,329,65,弥勒经变局部,经变画 Buddhist Sutra Art,Buddhism,,16,"../public/1ct/65 12-弥勒经变局部1.jpeg',","#2c2126,#7c8083,#9a523e,#b99e89,#555662",#2c2126,#7c8083,#9a523e,#b99e89,#555662,,,,,,
First Tang,329,66,女供养人,供养人面画 Portrait of Donors,Life,,5,"../public/1ct/66 13-女供养人.jpeg',","#b3896a,#41171c,#161116,#c7a694,#734c48",#b3896a,#41171c,#161116,#c7a694,#734c48,,,,,,
First Tang,329,67,说法图,经变画 Buddhist Sutra Art,Buddhism,,17,"../public/1ct/67 14-说法图.jpeg',","#977061,#27161d,#5a3839,#657b85,#bfa690",#977061,#27161d,#5a3839,#657b85,#bfa690,,,,,,
First Tang,329,68,说法图,经变画 Buddhist Sutra Art,Buddhism,,18,"../public/1ct/68 15-说法图1.jpeg',","#c8b9b2,#773325,#a2735c,#3f2828,#7a6864",#c8b9b2,#773325,#a2735c,#3f2828,#7a6864,,,,,,
First Tang,329,69,群飞天,,Buddhism,Feitian,,"../public/1ct/69 16-群飞天.jpeg',","#c2a89a,#1b1011,#89756f,#71322d,#d6c6bd",#c2a89a,#1b1011,#89756f,#71322d,#d6c6bd,,,,,,
First Tang,321,70,宝雨经变,经变画 Buddhist Sutra Art,Buddhism,,19,"../public/1ct/70 1-宝雨经变.jpeg',","#a98879,#3b2d2e,#bbada8,#6e726f,#81584d",#a98879,#3b2d2e,#bbada8,#6e726f,#81584d,,,,,,
First Tang,321,71,宝雨经变局部,山水风景Landscape painting,Buddhism,,1,"../public/1ct/71 2-宝雨经变局部.jpeg',","#b7937c,#342326,#707870,#aa6142,#b8aea8",#b7937c,#342326,#707870,#aa6142,#b8aea8,,,,,,
First Tang,321,72,阁楼宝柱与飞天 建筑*,,Buddhism,Feitian,,"../public/1ct/72 3-阁楼宝柱与飞天.jpeg',","#5f636b,#282026,#ab9d9a,#5d413f,#545980",#5f636b,#282026,#ab9d9a,#5d413f,#545980,,,,,,
First Tang,321,73,说法图,经变画 Buddhist Sutra Art,Buddhism,,20,"../public/1ct/73 4-说法图.jpeg',","#c1b3ab,#92412c,#392d35,#6e7a76,#5b6b88",#c1b3ab,#92412c,#392d35,#6e7a76,#5b6b88,,,,,,
First Tang,321,74,团花藻井,装饰图案画Decorative pattern painting,Zaojing Pattern,,3,"../public/1ct/74 5-团花藻井.jpeg',","#93593d,#34252b,#afa09a,#6f615b,#4f5d76",#93593d,#34252b,#afa09a,#6f615b,#4f5d76,,,,,,
First Tang,321,75,建筑,,Life,,,"../public/1ct/75 6-建筑.jpeg',","#95796a,#6a433b,#5c5f64,#a89f91,#341f25",#95796a,#6a433b,#5c5f64,#a89f91,#341f25,,,,,,
First Tang,321,76,-,故事画 Story painting,Life,,17,"../public/1ct/76 7-.jpeg',","#ab8f7b,#120f11,#76847a,#372223,#895f50",#ab8f7b,#120f11,#76847a,#372223,#895f50,,,,,,
First Tang,321,77,-,故事画 Story painting,Life,,18,"../public/1ct/77 8-.jpeg',","#977563,#121012,#687a7c,#ada497,#3b2526",#977563,#121012,#687a7c,#ada497,#3b2526,,,,,,
First Tang,321,78,阁楼宝柱与飞天,,Buddhism,Feitian,,"../public/1ct/78 9-阁楼宝柱与飞天2.jpeg',","#535a84,#382d33,#b8aba4,#6a6e72,#8b6352",#535a84,#382d33,#b8aba4,#6a6e72,#8b6352,,,,,,
First Tang,321,79,菩萨,佛像画Buddhist painting,Buddhism,,22,"../public/1ct/79 10-菩萨.jpeg',","#2c1f22,#bbaa9f,#973824,#445a7d,#5f6260",#2c1f22,#bbaa9f,#973824,#445a7d,#5f6260,,,,,,
First Tang,321,80,十一面观音,佛像画Buddhist painting,Buddhism,,23,"../public/1ct/80 11-十一面观音 .jpeg',","#b39987,#6a6561,#33272e,#a97f61,#7c4637",#b39987,#6a6561,#33272e,#a97f61,#7c4637,,,,,,
First Tang,321,81,修塔造屋,故事画 Story painting,Life,,19,"../public/1ct/81 12-修塔造屋.jpeg',","#b9ac95,#5f4c47,#657e72,#ab8666,#261819",#b9ac95,#5f4c47,#657e72,#ab8666,#261819,,,,,,
First Tang,321,82,恣阑菩萨,佛像画Buddhist painting,Buddhism,,24,"../public/1ct/82 13-恣阑菩萨.jpeg',","#49638d,#b79e8d,#261a1c,#7b7d81,#6b4d48",#49638d,#b79e8d,#261a1c,#7b7d81,#6b4d48,,,,,,
First Tang,372,83,藻井,装饰图案画Decorative pattern painting,Zaojing Pattern,,4,"../public/1ct/83 1-藻井.jpeg',","#1e1b21,#7d7d7c,#494549,#b7b2af,#9d563a",#1e1b21,#7d7d7c,#494549,#b7b2af,#9d563a,,,,,,
First Tang,372,84,阿弥勒净土变,经变画 Buddhist Sutra Art,Buddhism,,21,"../public/1ct/84 2-阿弥勒净土变.jpeg',","#221a1e,#aa978b,#5f433f,#7d746b,#d3c6b9",#221a1e,#aa978b,#5f433f,#7d746b,#d3c6b9,,,,,,
First Tang,372,85,菩萨,佛像画Buddhist painting,Buddhism,,25,"../public/1ct/85 3-菩萨.jpeg',","#7d5c51,#c9b7af,#59372f,#9c867a,#2b1619",#7d5c51,#c9b7af,#59372f,#9c867a,#2b1619,,,,,,
First Tang,323,86,飞天,,Buddhism,Feitian,,"../public/1ct/86 飞天.jpeg',","#543a38,#665d53,#2f191d,#875539,#8a8675",#543a38,#665d53,#2f191d,#875539,#8a8675,,,,,,
First Tang,323,87,佛教史迹及菩萨,佛像画Buddhist painting,Buddhism,,26,"../public/1ct/87 佛教史迹及菩萨.jpeg',","#b99b80,#28171d,#d7c2ae,#5b352e,#896d5b",#b99b80,#28171d,#d7c2ae,#5b352e,#896d5b,,,,,,
First Tang,323,88,佛教史迹图,佛像画Buddhist painting,Buddhism,,27,"../public/1ct/88 佛教史迹图.jpeg',","#a39787,#4e3d3e,#756962,#c4bbae,#2a1c20",#a39787,#4e3d3e,#756962,#c4bbae,#2a1c20,,,,,,
First Tang,323,89,佛图澄洒酒灭火,故事画 Story painting,Buddhism,,20,"../public/1ct/89 佛图澄洒酒灭火.jpeg',","#d1c5b8,#1d171d,#b5a18b,#5e5056,#853a2f",#d1c5b8,#1d171d,#b5a18b,#5e5056,#853a2f,,,,,,
First Tang,323,90,汉武帝跪拜金佛,故事画 Story painting,Politics/History,Buddhism ,21,"../public/1ct/90 汉武帝跪拜金佛.jpeg',","#ac9f8d,#261b20,#a48868,#68433c,#cbbfac",#ac9f8d,#261b20,#a48868,#68433c,#cbbfac,,,,,,
First Tang,323,91,戒律书,故事画 Story painting,Buddhism,,22,"../public/1ct/91 戒律书.jpeg',","#b99975,#7f5c4c,#cebca5,#91412e,#2d1d1e",#b99975,#7f5c4c,#cebca5,#91412e,#2d1d1e,,,,,,
First Tang,323,92,康僧会至海上来,故事画 Story painting,Buddhism,,23,"../public/1ct/92 康僧会至海上来.jpeg',","#cbbdaf,#594c4c,#8f9891,#291a1c,#a99379",#cbbdaf,#594c4c,#8f9891,#291a1c,#a99379,,,,,,
First Tang,323,93,连木建寺,故事画 Story painting,Life,,24,"../public/1ct/93 连木建寺.jpeg',","#baa89b,#5d484b,#917b73,#2c1d20,#cdc5c1",#baa89b,#5d484b,#917b73,#2c1d20,#cdc5c1,,,,,,
First Tang,323,94,骑牛迎石佛,故事画 Story painting,Life,,25,"../public/1ct/94 骑牛迎石佛.jpeg',","#b09a85,#1a1317,#763424,#cabda9,#51312f",#b09a85,#1a1317,#763424,#cabda9,#51312f,,,,,,
First Tang,323,95,隋文帝祈雨,故事画 Story painting,Politics/History,,26,"../public/1ct/95 隋文帝祈雨.jpeg',","#b7aea0,#251a1e,#998875,#58484a,#d1cdc1",#b7aea0,#251a1e,#998875,#58484a,#d1cdc1,,,,,,
First Tang,323,96,迎石佛,故事画 Story painting,Life,Buddhism ,27,"../public/1ct/96 迎石佛.jpeg',","#bda389,#2f1d22,#70524f,#d2c5b0,#88412d",#bda389,#2f1d22,#70524f,#d2c5b0,#88412d,,,,,,
First Tang,323,97,远山归帆,故事画 Story painting,Life,,28,"../public/1ct/97 远山归帆.jpeg',","#c8b19c,#1d1214,#aa8c7a,#6f4c49,#d4c6bb",#c8b19c,#1d1214,#aa8c7a,#6f4c49,#d4c6bb,,,,,,
First Tang,323,98,张骞出使西域,故事画 Story painting,Politics/History,,29,"../public/1ct/98 张骞出使西域.jpeg',","#bca789,#26171c,#9a8473,#633a34,#cabdb0",#bca789,#26171c,#9a8473,#633a34,#cabdb0,,,,,,
First Tang,331,99,从海涌出,故事画 Story painting,Buddhism,,30,"../public/1ct/99 从海涌出.jpeg',","#b08165,#2e2427,#cab1a6,#75796d,#804635",#b08165,#2e2427,#cab1a6,#75796d,#804635,,,,,,
First Tang,331,100,帝王及侍卫,故事画 Story painting,Politics/History,,31,"../public/1ct/100 帝王及侍卫 .jpeg',","#b47652,#ceac97,#2e1a1d,#674946,#8a7975",#b47652,#ceac97,#2e1a1d,#674946,#8a7975,,,,,,
First Tang,331,101,法华经变,经变画 Buddhist Sutra Art,Buddhism,,22,"../public/1ct/101 法华经变.jpeg',","#20161a,#7f6c6b,#c2afaa,#513734,#aa8168",#20161a,#7f6c6b,#c2afaa,#513734,#aa8168,,,,,,
First Tang,331,102,各族君长,故事画 Story painting,Politics/History,Buddhism ,32,"../public/1ct/102 各族君长.jpeg',","#af8267,#746e78,#814631,#c4b2ab,#4d2827",#af8267,#746e78,#814631,#c4b2ab,#4d2827,,,,,,
First Tang,331,103,观音,佛像画Buddhist painting,Buddhism,,28,"../public/1ct/103 观音.jpeg',","#95725a,#baacab,#2b2127,#5d5e68,#743e29",#95725a,#baacab,#2b2127,#5d5e68,#743e29,,,,,,
First Tang,331,104,普贤菩萨,佛像画Buddhist painting,Buddhism,,29,"../public/1ct/104 普贤.jpeg',","#1c181d,#74615b,#505268,#453131,#a7907d",#1c181d,#74615b,#505268,#453131,#a7907d,,,,,,
First Tang,331,105,普贤菩萨,佛像画Buddhist painting,Buddhism,,30,"../public/1ct/105 普贤菩萨.jpeg',","#a3745b,#21191f,#baa9a5,#591714,#5e5e69",#a3745b,#21191f,#baa9a5,#591714,#5e5e69,,,,,,
First Tang,331,106,四天王,佛像画Buddhist painting,Buddhism,,31,"../public/1ct/106 四天王.jpeg',","#ac8e6e,#706c7f,#934f2b,#46322a,#c8b6b0",#ac8e6e,#706c7f,#934f2b,#46322a,#c8b6b0,,,,,,
First Tang,331,107,文殊,佛像画Buddhist painting,Buddhism,,32,"../public/1ct/107 文殊.jpeg',","#36272c,#c2bbb9,#414d69,#6b5f63,#161417",#36272c,#c2bbb9,#414d69,#6b5f63,#161417,,,,,,
First Tang,334,108,十一面观音,佛像画Buddhist painting,Buddhism,,33,"../public/1ct/108 面观音.jpeg',","#9a8584,#382225,#92412f,#5c5f58,#c4b8b5",#9a8584,#382225,#92412f,#5c5f58,#c4b8b5,,,,,,
First Tang,334,109,阿弥勒净土变,经变画 Buddhist Sutra Art,Buddhism,,23,"../public/1ct/109 阿弥勒净土变.jpeg',","#513a37,#6d6b67,#b79c87,#99604b,#28191d",#513a37,#6d6b67,#b79c87,#99604b,#28191d,,,,,,
First Tang,334,110,八王争舍利,故事画 Story painting,War,Buddhism ,33,"../public/1ct/110 八王争舍利.jpeg',","#c8bbaf,#5b261f,#989a95,#9c7760,#484343",#c8bbaf,#5b261f,#989a95,#9c7760,#484343,,,,,,
First Tang,334,111,化菩萨,佛像画Buddhist painting,Buddhism,,34,"../public/1ct/111 化菩萨.jpeg',","#6f6468,#242126,#b6a7a1,#514861,#612d25",#6f6468,#242126,#b6a7a1,#514861,#612d25,,,,,,
First Tang,334,112,说法图,经变画 Buddhist Sutra Art,Buddhism,,24,"../public/1ct/112 说法图.jpeg',","#576a63,#88655a,#352a2c,#4b465b,#b1a399",#576a63,#88655a,#352a2c,#4b465b,#b1a399,,,,,,
First Tang,334,113,天女散花,,Buddhism,,,"../public/1ct/113 天女散花.jpeg',","#635766,#22222d,#b59c91,#2b5147,#985e4d",#635766,#22222d,#b59c91,#2b5147,#985e4d,,,,,,
First Tang,334,114,文殊,佛像画Buddhist painting,Buddhism,,35,"../public/1ct/114 文殊.jpeg',","#21181f,#af9d96,#6c6462,#8a4f3e,#4a3f45",#21181f,#af9d96,#6c6462,#8a4f3e,#4a3f45,,,,,,
First Tang,334,115,藻井,装饰图案画Decorative pattern painting,Zaojing Pattern,,5,"../public/1ct/115 藻井.jpeg',","#c19e82,#302128,#646368,#aa9e9a,#79483b",#c19e82,#302128,#646368,#aa9e9a,#79483b,,,,,,
First Tang,71,116,阿弥勒净土变,经变画 Buddhist Sutra Art,Buddhism,,25,"../public/1ct/116 阿弥勒净土变.jpeg',","#997964,#56362d,#baa18d,#2f1a1c,#785645",#997964,#56362d,#baa18d,#2f1a1c,#785645,,,,,,
First Tang,71,117,局部,经变画 Buddhist Sutra Art,Buddhism,,26,"../public/1ct/117 阿弥陀净土变.jpeg',","#7b6560,#271921,#b89d8e,#613630,#a26550",#7b6560,#271921,#b89d8e,#613630,#a26550,,,,,,
First Tang,71,118,局部,经变画 Buddhist Sutra Art,Buddhism,,27,"../public/1ct/118 局部.jpeg',","#7e5645,#28141e,#b49074,#582b2a,#813e30",#7e5645,#28141e,#b49074,#582b2a,#813e30,,,,,,
First Tang,71,119,弥勒经变,经变画 Buddhist Sutra Art,Buddhism,,28,"../public/1ct/119 弥勒经变.jpeg',","#8f6951,#26181d,#a33f2f,#b7977c,#5e3d31",#8f6951,#26181d,#a33f2f,#b7977c,#5e3d31,,,,,,
First Tang,71,120,思维菩萨,佛像画Buddhist painting,Buddhism,,36,"../public/1ct/120 思维菩萨.jpeg',","#866457,#2b1b21,#ad8874,#643d35,#c9af9e",#866457,#2b1b21,#ad8874,#643d35,#c9af9e,,,,,,
First Tang,202,121,说法图,经变画 Buddhist Sutra Art,Buddhism,,29,"../public/1ct/121 说法图.jpeg',","#a89d93,#a8714c,#3e3332,#c5bfb8,#747371",#a89d93,#a8714c,#3e3332,#c5bfb8,#747371,,,,,,
First Tang,202,122,见宝塔品,,Buddhism,,,"../public/1ct/122 见宝塔品.jpeg',","#ad9f8f,#21181b,#a18469,#665850,#c7beae",#ad9f8f,#21181b,#a18469,#665850,#c7beae,,,,,,
flourishing Tang 盛唐,74,1,1佛弟子与菩萨 -74窟,佛像画Buddhist painting,Buddhism,,37,"../public/2st/1 佛弟子与菩萨 .jpeg',","#c4b28c,#5a493f,#a08469,#ab6845,#b7baa8",#c4b28c,#5a493f,#a08469,#ab6845,#b7baa8,,,,,,
flourishing Tang 盛唐,23,2,1持莲华菩萨胸像,佛像画Buddhist painting,Buddhism,,38,"../public/2st/2 持莲华菩萨胸像.jpeg',","#98553c,#483e38,#beaa91,#5e8b75,#7c6c62",#98553c,#483e38,#beaa91,#5e8b75,#7c6c62,,,,,,
flourishing Tang 盛唐,23,3,2持莲花菩萨胸像,佛像画Buddhist painting,Buddhism,,39,"../public/2st/3 持莲花菩萨胸像.jpeg',","#635b56,#b9a68f,#976852,#3e342f,#6c857a",#635b56,#b9a68f,#976852,#3e342f,#6c857a,,,,,,
flourishing Tang 盛唐,23,4,3化城喻品,,Life,,,"../public/2st/4 化城喻品.jpeg',","#c9bf9d,#2d2720,#639d7c,#c29964,#786a50",#c9bf9d,#2d2720,#639d7c,#c29964,#786a50,,,,,,
flourishing Tang 盛唐,23,5,4雨中耕作,故事画 Story painting,Life,,34,"../public/2st/5 雨中耕作.jpeg',","#322620,#bdbaa5,#4f9d7a,#bc9a6b,#796b5a",#322620,#bdbaa5,#4f9d7a,#bc9a6b,#796b5a,,,,,,
flourishing Tang 盛唐,39,6,1佛母返回天宫,,Buddhism,,,"../public/2st/6 佛母返回天宫 .jpeg',","#cbbba7,#8c7d73,#52453c,#87b094,#aa7d58",#cbbba7,#8c7d73,#52453c,#87b094,#aa7d58,,,,,,
flourishing Tang 盛唐,39,7,2散花飞天,,Feitian,,,"../public/2st/7 散花飞天.jpeg',","#c1a388,#87624d,#d6c2b4,#493c36,#838889",#c1a388,#87624d,#d6c2b4,#493c36,#838889,,,,,,
flourishing Tang 盛唐,39,8,3散花飞天,,Feitian,,,"../public/2st/8 散花飞天.jpeg',","#cfa576,#947055,#dac2a6,#899a8c,#53453a",#cfa576,#947055,#dac2a6,#899a8c,#53453a,,,,,,
flourishing Tang 盛唐,44,9,1乐妓飞天琵琶,,Feitian,Music,,"../public/2st/9 乐妓飞天琵琶.jpeg',","#92a4ae,#734e3d,#5aa39c,#555b5f,#a89d7f",#92a4ae,#734e3d,#5aa39c,#555b5f,#a89d7f,,,,,,
flourishing Tang 盛唐,45,10,1见宝塔品,经变画 Buddhist Sutra Art,Buddhism,,30,"../public/2st/10 见宝塔品.jpeg',","#7c614e,#b9a58d,#46342c,#9c5e43,#697a6c",#7c614e,#b9a58d,#46342c,#9c5e43,#697a6c,,,,,,
flourishing Tang 盛唐,45,11,2多宝塔旁的众菩萨,佛像画Buddhist painting,Buddhism,,40,"../public/2st/11 多宝塔旁的众菩萨.jpeg',","#b5b2af,#4b4440,#7a7d86,#418c78,#946f60",#b5b2af,#4b4440,#7a7d86,#418c78,#946f60,,,,,,
flourishing Tang 盛唐,45,12,3菩萨头像,佛像画Buddhist painting,Buddhism,,41,"../public/2st/12 菩萨头像.jpeg',","#d1cabb,#af6648,#8b8887,#6c4c42,#cca380",#d1cabb,#af6648,#8b8887,#6c4c42,#cca380,,,,,,
flourishing Tang 盛唐,45,13,4菩萨头像,佛像画Buddhist painting,Buddhism,,42,"../public/2st/13 菩萨头像.jpeg',","#a08c77,#539597,#535761,#784c3d,#b5b1ab",#a08c77,#539597,#535761,#784c3d,#b5b1ab,,,,,,
flourishing Tang 盛唐,45,14,5菩萨头像,佛像画Buddhist painting,Buddhism,,43,"../public/2st/14 菩萨头像.jpeg',","#b9ad9e,#66655e,#4c7f64,#794931,#37251f",#b9ad9e,#66655e,#4c7f64,#794931,#37251f,,,,,,
flourishing Tang 盛唐,45,15,6观音经变,经变画 Buddhist Sutra Art,Buddhism,,31,"../public/2st/15 观音经变.jpeg',","#a5978b,#6c6a65,#72938e,#9d8068,#64473e",#a5978b,#6c6a65,#72938e,#9d8068,#64473e,,,,,,
flourishing Tang 盛唐,45,16,7 现沙门身,故事画 Story painting,Buddhism,Life,35,"../public/2st/16 现沙门身.jpeg',","#c4b499,#ad5936,#8c9c9b,#74594b,#b6906f",#c4b499,#ad5936,#8c9c9b,#74594b,#b6906f,,,,,,
flourishing Tang 盛唐,45,17,8海船遇难,故事画 Story painting,Life,,36,"../public/2st/17 海船遇难.jpeg',","#b4b07f,#80674e,#8ca17e,#434136,#ad9365",#b4b07f,#80674e,#8ca17e,#434136,#ad9365,,,,,,
flourishing Tang 盛唐,45,18,9商人遇盗,故事画 Story painting,Life,,37,"../public/2st/18 商人遇盗 .jpeg',","#978a63,#815d40,#88a086,#594739,#b6b386",#978a63,#815d40,#88a086,#594739,#b6b386,,,,,,
flourishing Tang 盛唐,45,19,10商人遇盗中之脚夫与驮畜,故事画 Story painting,Life,,38,"../public/2st/19 商人遇盗中之脚夫与驮畜 .jpeg',","#cac1a2,#9a5e38,#9cac9d,#6b5e55,#bb9869",#cac1a2,#9a5e38,#9cac9d,#6b5e55,#bb9869,,,,,,
flourishing Tang 盛唐,45,20,11商人遇盗中之强盗与山,故事画 Story painting,Life,,39,"../public/2st/20 商人遇盗中之强盗与山.jpeg',","#d3caa4,#644233,#a3bba8,#cbab78,#81837b",#d3caa4,#644233,#a3bba8,#cbab78,#81837b,,,,,,
flourishing Tang 盛唐,45,21,12愚痴,,Life,,,"../public/2st/21 愚痴.jpeg',","#be9368,#ceb7a2,#362a21,#8f8569,#a5704d",#be9368,#ceb7a2,#362a21,#8f8569,#a5704d,,,,,,
flourishing Tang 盛唐,45,22,13现大将军身,故事画 Story painting,Life,,40,"../public/2st/22 现大将军身 .jpeg',","#d9c6b6,#a16e50,#3d3c39,#94abab,#c5a78d",#d9c6b6,#a16e50,#3d3c39,#94abab,#c5a78d,,,,,,
flourishing Tang 盛唐,45,23,14求女得女,故事画 Story painting,Life,,41,"../public/2st/23 求女得女.jpeg',","#d1b584,#63a9bb,#a06d4e,#60594f,#d1cbaf",#d1b584,#63a9bb,#a06d4e,#60594f,#d1cbaf,,,,,,
flourishing Tang 盛唐,45,24,15观无量寿经变,经变画 Buddhist Sutra Art,Buddhism,,32,"../public/2st/24 观无量寿经变.jpeg',","#ccc7b4,#5b534c,#a7755d,#97b9ac,#8c8c84",#ccc7b4,#5b534c,#a7755d,#97b9ac,#8c8c84,,,,,,
flourishing Tang 盛唐,45,25,16未生怨,经变画 Buddhist Sutra Art,Buddhism,,33,"../public/2st/25 未生怨.jpeg',","#d7c6ae,#7e6451,#8e9484,#cbab83,#433c35",#d7c6ae,#7e6451,#8e9484,#cbab83,#433c35,,,,,,
flourishing Tang 盛唐,45,26,17十六观,经变画 Buddhist Sutra Art,Buddhism,,34,"../public/2st/26 十六观 .jpeg',","#c4b395,#52463a,#a58867,#818877,#a85a40",#c4b395,#52463a,#a58867,#818877,#a85a40,,,,,,
flourishing Tang 盛唐,66,27,1观世音菩萨-66窟,佛像画Buddhist painting,Buddhism,,44,"../public/2st/27 观世音菩萨.jpeg',","#bb9260,#7d6247,#d5c2a3,#473d2e,#999b72",#bb9260,#7d6247,#d5c2a3,#473d2e,#999b72,,,,,,
flourishing Tang 盛唐,130,28,1菩萨弟子残像,佛像画Buddhist painting,Buddhism,,45,"../public/2st/28 菩萨弟子残像 .jpeg',","#aa8b6b,#b1ab9e,#b57b5c,#76756c,#c8ab8c",#aa8b6b,#b1ab9e,#b57b5c,#76756c,#c8ab8c,,,,,,
flourishing Tang 盛唐,130,29,2菩萨弟子残像,佛像画Buddhist painting,Buddhism,,46,"../public/2st/29 菩萨弟子残像 .jpeg',","#a98c6c,#c3b6ad,#7a7e79,#c9ad8e,#a06f54",#a98c6c,#c3b6ad,#7a7e79,#c9ad8e,#a06f54,,,,,,
flourishing Tang 盛唐,130,30,3骑士与士兵,故事画 Story painting,Politics/History,War,42,"../public/2st/30 骑士与士兵.jpeg',","#99856b,#c0a78d,#735b48,#a76a4e,#bfb0ab",#99856b,#c0a78d,#735b48,#a76a4e,#bfb0ab,,,,,,
flourishing Tang 盛唐,130,31,4骑士,故事画 Story painting,War,Life,43,"../public/2st/31 骑士.jpeg',","#a28368,#cbac92,#67736e,#6e5142,#c0aeab",#a28368,#cbac92,#67736e,#6e5142,#c0aeab,,,,,,
flourishing Tang 盛唐,444,32,1说法图,经变画 Buddhist Sutra Art,Buddhism,,35,"../public/2st/32 说法图.jpeg',","#48514a,#cfbc98,#6f7566,#95af9e,#2f322e",#48514a,#cfbc98,#6f7566,#95af9e,#2f322e,,,,,,
flourishing Tang 盛唐,444,33,2现毗沙门天王身说法,经变画 Buddhist Sutra Art,Buddhism,,36,"../public/2st/33 现毗沙门天王身说法.jpeg',","#b69f93,#4d4d4d,#558c8a,#241f1e,#906f54",#b69f93,#4d4d4d,#558c8a,#241f1e,#906f54,,,,,,
flourishing Tang 盛唐,444,34,3说法图,经变画 Buddhist Sutra Art,Buddhism,,37,"../public/2st/34 说法图.jpeg',","#625a59,#c4b8af,#a56c53,#36322f,#74a1a1",#625a59,#c4b8af,#a56c53,#36322f,#74a1a1,,,,,,
flourishing Tang 盛唐,445,35,1阿弥陀淨土变,经变画 Buddhist Sutra Art,Buddhism,,38,"../public/2st/35 阿弥陀淨土变.jpeg',","#494839,#7aafa0,#242018,#6f7867,#9c926a",#494839,#7aafa0,#242018,#6f7867,#9c926a,,,,,,
flourishing Tang 盛唐,445,36,2台上伎乐,经变画 Buddhist Sutra Art,Music,Buddhism ,39,"../public/2st/36 台上伎乐 .jpeg',","#5a4f44,#98bcb7,#767363,#3e312e,#979673",#5a4f44,#98bcb7,#767363,#3e312e,#979673,,,,,,
flourishing Tang 盛唐,445,37,3弥勒上生下生经变,经变画 Buddhist Sutra Art,Buddhism,,40,"../public/2st/37 弥勒上生下生经变.jpeg',","#59534f,#c1b292,#8b7362,#788f8d,#36312e",#59534f,#c1b292,#8b7362,#788f8d,#36312e,,,,,,
flourishing Tang 盛唐,445,38,4男剃度,故事画 Story painting,Life,Buddhism ,44,"../public/2st/38 男剃度.jpeg',","#c7ae7a,#778277,#c2c2af,#4b4233,#95724c",#c7ae7a,#778277,#c2c2af,#4b4233,#95724c,,,,,,
flourishing Tang 盛唐,445,39,5女剃度,故事画 Story painting,Life,Buddhism ,45,"../public/2st/39 女剃度.jpeg',","#d1a768,#594a39,#cfb9a0,#a56439,#8f9275",#d1a768,#594a39,#cfb9a0,#a56439,#8f9275,,,,,,
flourishing Tang 盛唐,446,40,1毗卢舍那佛-446,佛像画Buddhist painting,Buddhism,,47,"../public/2st/40 毗卢舍那佛.jpeg',","#d9be87,#483e39,#886550,#849b6c,#c19262",#d9be87,#483e39,#886550,#849b6c,#c19262,,,,,,
flourishing Tang 盛唐,79,41,1菩萨头像,佛像画Buddhist painting,Buddhism,,48,"../public/2st/41 菩萨头像.jpeg',","#cbc4ad,#4c4535,#6c7c7c,#9a583a,#a3a972",#cbc4ad,#4c4535,#6c7c7c,#9a583a,#a3a972,,,,,,
flourishing Tang 盛唐,79,42,2藻井,装饰图案画Decorative pattern painting,Zaojing Pattern,,6,"../public/2st/42 藻井.jpeg',","#473129,#cec5a0,#9bb1ae,#766e55,#78ab8d",#473129,#cec5a0,#9bb1ae,#766e55,#78ab8d,,,,,,
flourishing Tang 盛唐,103,43,1藻井,装饰图案画Decorative pattern painting,Zaojing Pattern,,7,"../public/2st/43 藻井.jpeg',","#bbb59c,#6e5947,#6b9e84,#9d7658,#37362c",#bbb59c,#6e5947,#6b9e84,#9d7658,#37362c,,,,,,
flourishing Tang 盛唐,103,44,2法华经变,经变画 Buddhist Sutra Art,Buddhism,,41,"../public/2st/44 法华经变.jpeg',","#caba95,#68614f,#6d937d,#ac976f,#98624a",#caba95,#68614f,#6d937d,#ac976f,#98624a,,,,,,
flourishing Tang 盛唐,103,45,3化城喻品中之山水,山水风景Landscape painting,Life,,2,"../public/2st/45 化城喻品中之山水.jpeg',","#bdaa86,#6ca48a,#8b8a71,#695845,#c4c1aa",#bdaa86,#6ca48a,#8b8a71,#695845,#c4c1aa,,,,,,
flourishing Tang 盛唐,103,46,4化城喻品中之山水人物,山水风景Landscape painting,Life,,3,"../public/2st/46 化城喻品中之山水人物.jpeg',","#c2b6a4,#679c86,#76422b,#655b4a,#95926f",#c2b6a4,#679c86,#76422b,#655b4a,#95926f,,,,,,
flourishing Tang 盛唐,103,47,5起塔供经,故事画 Story painting,Life,Buddhism ,46,"../public/2st/47 起塔供经 .jpeg',","#dfc4b0,#56463f,#829381,#9d6046,#bd9b82",#dfc4b0,#56463f,#829381,#9d6046,#bd9b82,,,,,,
flourishing Tang 盛唐,103,48,6帝王听法,故事画 Story painting,Politics/History,Buddhism ,47,"../public/2st/48 帝王听法.jpeg',","#ba9979,#83674f,#ad704c,#cbb3a0,#534030",#ba9979,#83674f,#ad704c,#cbb3a0,#534030,,,,,,
flourishing Tang 盛唐,103,49,7各族王子听法,故事画 Story painting,Politics/History,Buddhism ,48,"../public/2st/49 各族王子听法.jpeg',","#b8aa8a,#6d6657,#61a78d,#97836a,#3d3d35",#b8aa8a,#6d6657,#61a78d,#97836a,#3d3d35,,,,,,
flourishing Tang 盛唐,103,50,8维摩诘,佛像画Buddhist painting,Buddhism,,49,"../public/2st/50 维摩诘.jpeg',","#bda585,#3f3f34,#825a3e,#ccc2af,#85836f",#bda585,#3f3f34,#825a3e,#ccc2af,#85836f,,,,,,
flourishing Tang 盛唐,205,51,1说法图,经变画 Buddhist Sutra Art,Buddhism,,42,"../public/2st/51 说法图.jpeg',","#523331,#c4bab4,#b87256,#816d6d,#93acb1",#523331,#c4bab4,#b87256,#816d6d,#93acb1,,,,,,
flourishing Tang 盛唐,205,52,2观音经变,经变画 Buddhist Sutra Art,Buddhism,,43,"../public/2st/52 观音经变.jpeg',","#2d2120,#8a7f6d,#564c45,#7b9f8b,#c6baa5",#2d2120,#8a7f6d,#564c45,#7b9f8b,#c6baa5,,,,,,
flourishing Tang 盛唐,205,53,3阿弥陀三尊,佛像画Buddhist painting,Buddhism,,50,"../public/2st/53 阿弥陀三尊 .jpeg',","#bdab87,#604c3f,#d1ceb7,#947358,#77a896",#bdab87,#604c3f,#d1ceb7,#947358,#77a896,,,,,,
flourishing Tang 盛唐,217,54,1龛顶,佛像画Buddhist painting,Buddhism,,51,"../public/2st/54 龛顶 .jpeg',","#73725c,#baa482,#835941,#44362a,#b56d46",#73725c,#baa482,#835941,#44362a,#b56d46,,,,,,
flourishing Tang 盛唐,217,55,2四菩萨 龛顶2,佛像画Buddhist painting,Buddhism,,52,"../public/2st/55 四菩萨龛顶2.jpeg',","#c7c6ae,#6b7a63,#9e5f39,#c9b280,#363325",#c7c6ae,#6b7a63,#9e5f39,#c9b280,#363325,,,,,,
flourishing Tang 盛唐,217,56,3释迦回迦毗罗维城,故事画 Story painting,Buddhism,Life,49,"../public/2st/56 释迦回迦毗罗维城.jpeg',","#8d5d41,#383836,#b2b3a5,#b89e6e,#607068",#8d5d41,#383836,#b2b3a5,#b89e6e,#607068,,,,,,
flourishing Tang 盛唐,217,57,4为四众说法,故事画 Story painting,Buddhism,Life,50,"../public/2st/57 为四众说法.jpeg',","#7e8e76,#b89256,#484b3a,#8f4b2f,#c1b99e",#7e8e76,#b89256,#484b3a,#8f4b2f,#c1b99e,,,,,,
flourishing Tang 盛唐,217,58,5献食认父,故事画 Story painting,Buddhism,Life,51,"../public/2st/58 献食认父.jpeg',","#b3945e,#557268,#8c5839,#9fad9a,#404238",#b3945e,#557268,#8c5839,#9fad9a,#404238,,,,,,
flourishing Tang 盛唐,217,59,6菩萨头像,佛像画Buddhist painting,Buddhism,,53,"../public/2st/59 菩萨头像.jpeg',","#795a46,#dcd1b9,#2e3838,#baa781,#768b82",#795a46,#dcd1b9,#2e3838,#baa781,#768b82,,,,,,
flourishing Tang 盛唐,217,60,7佛弟子与菩萨,佛像画Buddhist painting,Buddhism,,54,"../public/2st/60 佛弟子与菩萨.jpeg',","#b4a079,#8a664a,#c8caba,#999188,#884625",#b4a079,#8a664a,#c8caba,#999188,#884625,,,,,,
flourishing Tang 盛唐,217,61,8佛弟子与菩萨,佛像画Buddhist painting,Buddhism,,55,"../public/2st/61 佛弟子与菩萨.jpeg',","#cdcbbc,#4f3f39,#8c5742,#b6a17e,#7a817a",#cdcbbc,#4f3f39,#8c5742,#b6a17e,#7a817a,,,,,,
flourishing Tang 盛唐,217,62,9菩萨头像,佛像画Buddhist painting,Buddhism,,56,"../public/2st/62 菩萨头像.jpeg',","#bab6ab,#804a2d,#292c22,#a4916c,#5b7364",#bab6ab,#804a2d,#292c22,#a4916c,#5b7364,,,,,,
flourishing Tang 盛唐,217,63,10顶光,装饰图案画Decorative pattern painting,Buddhism,,8,"../public/2st/63 顶光.jpeg',","#5f685d,#baaa90,#9e6546,#759b98,#393b33",#5f685d,#baaa90,#9e6546,#759b98,#393b33,,,,,,
flourishing Tang 盛唐,217,64,11大势至菩萨,佛像画Buddhist painting,Buddhism,,57,"../public/2st/64 大势至菩萨.jpeg',","#bfb297,#645943,#7f8472,#967c56,#3f2f21",#bfb297,#645943,#7f8472,#967c56,#3f2f21,,,,,,
flourishing Tang 盛唐,217,65,12准提观音,佛像画Buddhist painting,Buddhism,,58,"../public/2st/65 准提观音 .jpeg',","#88927e,#4f311d,#897154,#cbbeac,#915735",#88927e,#4f311d,#897154,#cbbeac,#915735,,,,,,
flourishing Tang 盛唐,217,66,13藻井,装饰图案画Decorative pattern painting,Zaojing Pattern,,9,"../public/2st/66 藻井.jpeg',","#61452e,#b3b2a2,#917e62,#6f8278,#9a623c",#61452e,#b3b2a2,#917e62,#6f8278,#9a623c,,,,,,
flourishing Tang 盛唐,217,67,14法华经变·序品西侧之众菩萨,佛像画Buddhist painting,Buddhism,,59,"../public/2st/67 法华经变·序品西侧之众菩萨.jpeg',","#7e655d,#c8bdad,#ad5f48,#91a19b,#613b32",#7e655d,#c8bdad,#ad5f48,#91a19b,#613b32,,,,,,
flourishing Tang 盛唐,217,68,15法华经变·序品东侧之众菩萨,佛像画Buddhist painting,Buddhism,,60,"../public/2st/68 法华经变·序品东侧之众菩萨.jpeg',","#756057,#bfad99,#b7644d,#6c9a93,#61352c",#756057,#bfad99,#b7644d,#6c9a93,#61352c,,,,,,
flourishing Tang 盛唐,217,69,16化城喻品与信解品,故事画 Story painting,Life,,52,"../public/2st/69 化城喻品与信解品.jpeg',","#b9a58d,#907969,#739489,#604d46,#d4c6b3",#b9a58d,#907969,#739489,#604d46,#d4c6b3,,,,,,
flourishing Tang 盛唐,217,70,17化城喻品,故事画 Story painting,Life,Buddhism ,53,"../public/2st/70 化城喻品.jpeg',","#c3b5a0,#809488,#623e37,#81695e,#a8957e",#c3b5a0,#809488,#623e37,#81695e,#a8957e,,,,,,
flourishing Tang 盛唐,217,71,18化城喻品,故事画 Story painting,Life,Buddhism ,54,"../public/2st/71 化城喻品.jpeg',","#ccc0ab,#7d968b,#7e675d,#79453a,#ac9c89",#ccc0ab,#7d968b,#7e675d,#79453a,#ac9c89,,,,,,
flourishing Tang 盛唐,217,72,19化城喻品,故事画 Story painting,Life,Buddhism ,55,"../public/2st/72 化城喻品.jpeg',","#cccbba,#7f4b3b,#77ad9d,#9f7967,#8c9380",#cccbba,#7f4b3b,#77ad9d,#9f7967,#8c9380,,,,,,
flourishing Tang 盛唐,217,73,20信解品,故事画 Story painting,Life,Buddhism ,56,"../public/2st/73 信解品.jpeg',","#c1b8ad,#714335,#86a59e,#736a63,#ac785c",#c1b8ad,#714335,#86a59e,#736a63,#ac785c,,,,,,
flourishing Tang 盛唐,217,74,21信解品,故事画 Story painting,Life,Buddhism ,57,"../public/2st/74 信解品.jpeg',","#d6cbc0,#663d34,#8e7f73,#b26a50,#93b0a2",#d6cbc0,#663d34,#8e7f73,#b26a50,#93b0a2,,,,,,
flourishing Tang 盛唐,217,75,22妙莊严王本事品,故事画 Story painting,Politics/History,Life,58,"../public/2st/75 妙莊严王本事品.jpeg',","#625953,#799c94,#947361,#c0ad9f,#3b2d25",#625953,#799c94,#947361,#c0ad9f,#3b2d25,,,,,,
flourishing Tang 盛唐,217,76,23齋僧拜塔,故事画 Story painting,Life,Buddhism ,59,"../public/2st/76 齋僧拜塔.jpeg',","#91bcac,#7e7f78,#c1b8aa,#4f4036,#9c6854",#91bcac,#7e7f78,#c1b8aa,#4f4036,#9c6854,,,,,,
flourishing Tang 盛唐,217,77,24八王子礼佛,故事画 Story painting,Politics/History,Buddhism ,60,"../public/2st/77 八王子礼佛.jpeg',","#d2c7a5,#594d3c,#a36e43,#6b926b,#868981",#d2c7a5,#594d3c,#a36e43,#6b926b,#868981,,,,,,
flourishing Tang 盛唐,217,78,25向白骨诵经,故事画 Story painting,Life,Buddhism ,61,"../public/2st/78 向白骨诵经 .jpeg',","#d0ba9f,#6f4d38,#88a78f,#ad714e,#3c2315",#d0ba9f,#6f4d38,#88a78f,#ad714e,#3c2315,,,,,,
flourishing Tang 盛唐,217,79,26观音普门品,佛像画Buddhist painting,Buddhism,,61,"../public/2st/79 观音普门品.jpeg',","#c7ad84,#6a4f3a,#9cae9f,#aa7348,#daccb1",#c7ad84,#6a4f3a,#9cae9f,#aa7348,#daccb1,,,,,,
flourishing Tang 盛唐,217,80,27菩萨,佛像画Buddhist painting,Buddhism,,62,"../public/2st/80 菩萨.jpeg',","#d3c7b8,#58483a,#b19169,#895336,#919787",#d3c7b8,#58483a,#b19169,#895336,#919787,,,,,,
flourishing Tang 盛唐,217,81,28菩萨,佛像画Buddhist painting,Buddhism,,63,"../public/2st/81 菩萨.jpeg',","#c9c0b5,#56493b,#a98d6d,#82958c,#8d5739",#c9c0b5,#56493b,#a98d6d,#82958c,#8d5739,,,,,,
flourishing Tang 盛唐,217,82,29观无量寿经变,经变画 Buddhist Sutra Art,Buddhism,,44,"../public/2st/82 观无量寿经变.jpeg',","#856f58,#af9b7e,#6e4530,#859176,#5b5445",#856f58,#af9b7e,#6e4530,#859176,#5b5445,,,,,,
flourishing Tang 盛唐,217,83,30阿弥陀淨土中之九品弥陀,经变画 Buddhist Sutra Art,Buddhism,,45,"../public/2st/83 阿弥陀淨土中之九品弥陀.jpeg',","#d9c9c5,#bd9990,#7d6c6f,#af6e5e,#879fa5",#d9c9c5,#bd9990,#7d6c6f,#af6e5e,#879fa5,,,,,,
flourishing Tang 盛唐,217,84,31阿弥陀淨土中之九品弥陀,经变画 Buddhist Sutra Art,Buddhism,,46,"../public/2st/84 阿弥陀淨土中之九品弥陀.jpeg',","#b08d84,#715b5c,#cdbfba,#ac6c5a,#82979c",#b08d84,#715b5c,#cdbfba,#ac6c5a,#82979c,,,,,,
flourishing Tang 盛唐,217,85,32阿弥陀淨土中之九品弥陀,经变画 Buddhist Sutra Art,Buddhism,,47,"../public/2st/85 阿弥陀淨土中之九品弥陀.jpeg',","#d7ceb8,#7b6856,#c5a27d,#8aa894,#b0704c",#d7ceb8,#7b6856,#c5a27d,#8aa894,#b0704c,,,,,,
flourishing Tang 盛唐,217,86,33阿弥陀淨土中之化佛菩萨,经变画 Buddhist Sutra Art,Buddhism,,48,"../public/2st/86 阿弥陀淨土中之化佛菩萨.jpeg',","#aa897a,#75736d,#9a5a45,#aaaa9e,#574339",#aa897a,#75736d,#9a5a45,#aaaa9e,#574339,,,,,,
flourishing Tang 盛唐,217,87,34淨土楼阁,经变画 Buddhist Sutra Art,Life,Buddhism ,49,"../public/2st/87 淨土楼阁.jpeg',","#554c49,#c4ad9d,#7e5848,#8b8d8c,#a96e53",#554c49,#c4ad9d,#7e5848,#8b8d8c,#a96e53,,,,,,
flourishing Tang 盛唐,217,88,35淨土楼阁,经变画 Buddhist Sutra Art,Life,Buddhism ,50,"../public/2st/88 淨土楼阁.jpeg',","#baaea3,#6c6664,#7a9599,#8f6250,#463d3a",#baaea3,#6c6664,#7a9599,#8f6250,#463d3a,,,,,,
flourishing Tang 盛唐,217,89,36未生怨,经变画 Buddhist Sutra Art,War,Life,51,"../public/2st/89 未生怨.jpeg',","#cab79e,#644c3d,#638b78,#3b2b22,#937c63",#cab79e,#644c3d,#638b78,#3b2b22,#937c63,,,,,,
flourishing Tang 盛唐,217,90,37十六观部分,经变画 Buddhist Sutra Art,Life,Buddhism ,52,"../public/2st/90 十六观部分.jpeg',","#c4bba9,#79a9a2,#4f3b2e,#b59975,#9d5836",#c4bba9,#79a9a2,#4f3b2e,#b59975,#9d5836,,,,,,
flourishing Tang 盛唐,225,91,1龛顶西方淨土变,经变画 Buddhist Sutra Art,Buddhism,,53,"../public/2st/91 龛顶西方淨土变.jpeg',","#cfbb9b,#65523e,#968a7d,#ab6d45,#6d8c6c",#cfbb9b,#65523e,#968a7d,#ab6d45,#6d8c6c,,,,,,
flourishing Tang 盛唐,225,92,2佛弟子与项光,佛像画Buddhist painting,Buddhism,,64,"../public/2st/92 佛弟子与项光 .jpeg',","#9a5837,#ccb69d,#654b39,#938b85,#b78f61",#9a5837,#ccb69d,#654b39,#938b85,#b78f61,,,,,,
flourishing Tang 盛唐,320,93,1观无量寿经变,经变画 Buddhist Sutra Art,Buddhism,,54,"../public/2st/93 观无量寿经变.jpeg',","#bdb196,#342a22,#7f9682,#ac8d69,#746653",#bdb196,#342a22,#7f9682,#ac8d69,#746653,,,,,,
flourishing Tang 盛唐,320,94,2观世音菩萨,佛像画Buddhist painting,Buddhism,,65,"../public/2st/94 观世音菩萨 .jpeg',","#d3cdb7,#383c3b,#68a193,#666969,#af9071",#d3cdb7,#383c3b,#68a193,#666969,#af9071,,,,,,
flourishing Tang 盛唐,320,95,3大势至菩萨,佛像画Buddhist painting,Buddhism,,66,"../public/2st/95 大势至菩萨.jpeg',","#382921,#c7bcac,#74a791,#a28060,#6f6a60",#382921,#c7bcac,#74a791,#a28060,#6f6a60,,,,,,
flourishing Tang 盛唐,320,96,4日想观,山水风景Landscape painting,Buddhism,Life,4,"../public/2st/96 日想观 .jpeg',","#cbbba2,#332a23,#89b7a8,#bb855f,#60867f",#cbbba2,#332a23,#89b7a8,#bb855f,#60867f,,,,,,
flourishing Tang 盛唐,320,97,5未生怨中之山水,山水风景Landscape painting,Life,Buddhism ,5,"../public/2st/97 未生怨中之山水 .jpeg',","#c3a88b,#6aa2a0,#b77657,#697072,#b3b7af",#c3a88b,#6aa2a0,#b77657,#697072,#b3b7af,,,,,,
flourishing Tang 盛唐,320,98,6思惟菩萨,佛像画Buddhist painting,Buddhism,,67,"../public/2st/98 思惟菩萨.jpeg',","#c5c0c2,#505048,#c6a68a,#5a8d89,#b17d56",#c5c0c2,#505048,#c6a68a,#5a8d89,#b17d56,,,,,,
flourishing Tang 盛唐,320,99,7飞天,佛像画Buddhist painting,Feitian,Buddhism ,68,"../public/2st/99 飞天.jpeg',","#c3c3b7,#53a18a,#4b453a,#a27650,#7c8e8d",#c3c3b7,#53a18a,#4b453a,#a27650,#7c8e8d,,,,,,
flourishing Tang 盛唐,320,100,8飞天,佛像画Buddhist painting,Feitian,Buddhism ,69,"../public/2st/100 飞天.jpeg',","#665f4d,#a0aca5,#58a48a,#ac7a50,#2a2820",#665f4d,#a0aca5,#58a48a,#ac7a50,#2a2820,,,,,,
flourishing Tang 盛唐,320,101,9飞天,佛像画Buddhist painting,Feitian,Buddhism ,70,"../public/2st/101 飞天.jpeg',","#42392d,#7aa88f,#a96f49,#c1bb9e,#776750",#42392d,#7aa88f,#a96f49,#c1bb9e,#776750,,,,,,
flourishing Tang 盛唐,320,102,10持花供养菩萨,佛像画Buddhist painting,Buddhism,,71,"../public/2st/102 持花供养菩萨.jpeg',","#6b7572,#b9bab0,#53ab9d,#a57d5a,#3d3d35",#6b7572,#b9bab0,#53ab9d,#a57d5a,#3d3d35,,,,,,
flourishing Tang 盛唐,172,103,阿弥陀淨土变中之菩萨,佛像画Buddhist painting,Buddhism,,72,"../public/2st/103 阿弥陀淨土变中之菩萨.jpeg',","#cdbb8e,#7e7559,#363428,#66aa84,#b28357",#cdbb8e,#7e7559,#363428,#66aa84,#b28357,,,,,,
flourishing Tang 盛唐,172,104,二菩萨,佛像画Buddhist painting,Buddhism,,73,"../public/2st/104 二菩萨.jpeg',","#97957a,#53483c,#509d86,#c1b090,#9e5c41",#97957a,#53483c,#509d86,#c1b090,#9e5c41,,,,,,
flourishing Tang 盛唐,172,105,阁楼飞天,山水风景Landscape painting,Feitian,Life,6,"../public/2st/105 阁楼飞天.jpeg',","#6b6d6b,#b5bfae,#58aca7,#473838,#7a5446",#6b6d6b,#b5bfae,#58aca7,#473838,#7a5446,,,,,,
flourishing Tang 盛唐,172,106,观无量寿经变,经变画 Buddhist Sutra Art,Buddhism,,55,"../public/2st/106 观无量寿经变.jpeg',","#b6b4a6,#6e6f62,#619d87,#403529,#a18563",#b6b4a6,#6e6f62,#619d87,#403529,#a18563,,,,,,
flourishing Tang 盛唐,172,107,十六观中之日想观,山水风景Landscape painting,Life,Buddhism ,7,"../public/2st/107 十六观中之日想观.jpeg',","#c3b9aa,#745a4a,#af8267,#7c9483,#412c24",#c3b9aa,#745a4a,#af8267,#7c9483,#412c24,,,,,,
flourishing Tang 盛唐,172,108,十六观中之日想观,山水风景Landscape painting,Life,Buddhism ,8,"../public/2st/108 十六观中之日想观 .jpeg',","#b9a98a,#90a08d,#342b22,#6ea890,#766955",#b9a98a,#90a08d,#342b22,#6ea890,#766955,,,,,,
flourishing Tang 盛唐,172,109,未生怨,故事画 Story painting,Life,Buddhism ,62,"../public/2st/109 未生怨.jpeg',","#4f473f,#bbac9a,#221d1b,#778e89,#5b616c",#4f473f,#bbac9a,#221d1b,#778e89,#5b616c,,,,,,
flourishing Tang 盛唐,172,110,未生怨1,故事画 Story painting,Life,Buddhism ,63,"../public/2st/110 未生怨1.jpeg',","#563a33,#c4baaa,#779888,#2d1815,#846d61",#563a33,#c4baaa,#779888,#2d1815,#846d61,,,,,,
flourishing Tang 盛唐,172,111,文殊变中之山水,山水风景Landscape painting,Life,,9,"../public/2st/111 文殊变中之山水.jpeg',","#2c2b2e,#b8aa99,#609b89,#c08b5c,#676362",#2c2b2e,#b8aa99,#609b89,#c08b5c,#676362,,,,,,
flourishing Tang 盛唐,31,112,普贤赴会,佛像画Buddhist painting,Buddhism,,74,"../public/2st/112 普贤赴会 .jpeg',","#b89262,#8f532f,#543f2e,#829a87,#c9af8d",#b89262,#8f532f,#543f2e,#829a87,#c9af8d,,,,,,
flourishing Tang 盛唐,31,113,文殊赴会,佛像画Buddhist painting,Buddhism,,75,"../public/2st/113 文殊赴会 .jpeg',","#b89d8a,#503e39,#7d9893,#8c695a,#c6b4a8",#b89d8a,#503e39,#7d9893,#8c695a,#c6b4a8,,,,,,
flourishing Tang 盛唐,148,114,二菩萨,佛像画Buddhist painting,Buddhism,,76,"../public/2st/114 二菩萨.jpeg',","#79676a,#97c3bb,#d1c5b5,#3c2824,#b57857",#79676a,#97c3bb,#d1c5b5,#3c2824,#b57857,,,,,,
flourishing Tang 盛唐,148,115,观无量净土变,经变画 Buddhist Sutra Art,Buddhism,,56,"../public/2st/115 观无量净土变.jpeg',","#74776e,#66aa91,#4a3728,#beac8c,#9c7755",#74776e,#66aa91,#4a3728,#beac8c,#9c7755,,,,,,
flourishing Tang 盛唐,148,116,欢喜藏摩尼宝胜佛,佛像画Buddhist painting,Buddhism,,77,"../public/2st/116 欢喜藏摩尼宝胜佛.jpeg',","#5c4e48,#7ab3aa,#c6b299,#302826,#917c6f",#5c4e48,#7ab3aa,#c6b299,#302826,#917c6f,,,,,,
flourishing Tang 盛唐,148,117,均分舍利,故事画 Story painting,Life,Buddhism ,64,"../public/2st/117 均分舍利.jpeg',","#cec7ae,#50afae,#84847c,#9b5e3f,#55453d",#cec7ae,#50afae,#84847c,#9b5e3f,#55453d,,,,,,
flourishing Tang 盛唐,148,118,弥勒上生下生经变,故事画 Story painting,Buddhism,Life,65,"../public/2st/118 弥勒上生生经变.jpeg',","#c5bba2,#66ad9b,#8a543d,#bc9670,#412019",#c5bba2,#66ad9b,#8a543d,#bc9670,#412019,,,,,,
flourishing Tang 盛唐,148,119,入殓荼毗,故事画 Story painting,Life,Buddhism ,66,"../public/2st/119 入殓荼毗.jpeg',","#c6bba7,#759a9c,#866a52,#c5a578,#50494d",#c6bba7,#759a9c,#866a52,#c5a578,#50494d,,,,,,
flourishing Tang 盛唐,148,120,守护舍利,故事画 Story painting,Life,Buddhism ,67,"../public/2st/120 守护舍利.jpeg',","#ae9d7e,#4e3d38,#75aca1,#894931,#b6b8ac",#ae9d7e,#4e3d38,#75aca1,#894931,#b6b8ac,,,,,,
flourishing Tang 盛唐,148,121,众生最后供餐,故事画 Story painting,Buddhism,Life,68,"../public/2st/121 众生最后供餐.jpeg',","#a69378,#4c3d37,#5f9999,#8a583c,#b9b09f",#a69378,#4c3d37,#5f9999,#8a583c,#b9b09f,,,,,,
flourishing Tang 盛唐,148,122,诸国王求舍利,故事画 Story painting,Politics/History,Buddhism ,69,"../public/2st/122 诸国王求舍利.jpeg',","#baaaa3,#7ea5ae,#403532,#ab906e,#74533e",#baaaa3,#7ea5ae,#403532,#ab906e,#74533e,,,,,,
flourishing Tang 盛唐,194,123,各族王子听法图,故事画 Story painting,Politics/History,Buddhism ,70,"../public/2st/123 各族王子听法图.jpeg',","#b1afa5,#563024,#b69f7b,#685b65,#90573c",#b1afa5,#563024,#b69f7b,#685b65,#90573c,,,,,,
flourishing Tang 盛唐,194,124,帝王听法,故事画 Story painting,Politics/History,Buddhism ,71,"../public/2st/124 帝王听法 .jpeg',","#ada28b,#704832,#8a7a62,#3e3c34,#acaea9",#ada28b,#704832,#8a7a62,#3e3c34,#acaea9,,,,,,
flourishing Tang 盛唐,199,125,大势至菩萨,佛像画Buddhist painting,Buddhism,,78,"../public/2st/125 大势至菩萨.jpeg',","#c7bcae,#3f2b24,#ad9070,#738b7b,#915839",#c7bcae,#3f2b24,#ad9070,#738b7b,#915839,,,,,,
flourishing Tang 盛唐,444,126,着甲胄骑士,故事画 Story painting,War,Life,72,"../public/2st/126 着甲胄骑士.jpeg',","#bfae95,#5d4a44,#859583,#b89871,#956954",#bfae95,#5d4a44,#859583,#b89871,#956954,,,,,,
Middle Tang Dynasty,44,1,观无量寿经变,经变画 Buddhist Sutra Art,Buddhism,,57,"../public/3zt/1 观无量寿经变.jpeg',","#c5bbb6,#9e7b6a,#6a857d,#5d3e39,#5f5b71",#c5bbb6,#9e7b6a,#6a857d,#5d3e39,#5f5b71,,,,,,
Middle Tang Dynasty,44,2,千佛,佛像画Buddhist painting,Buddhism,,79,"../public/3zt/2 千佛.jpeg',","#988373,#5c7e7f,#834031,#cbbeaf,#584a4a",#988373,#5c7e7f,#834031,#cbbeaf,#584a4a,,,,,,
Middle Tang Dynasty,44,3,说法图,经变画 Buddhist Sutra Art,Buddhism,,58,"../public/3zt/3 说法图.jpeg',","#ab9884,#588a7c,#d7cec4,#9d674a,#63463c",#ab9884,#588a7c,#d7cec4,#9d674a,#63463c,,,,,,
Middle Tang Dynasty,112,4,观无量寿经变,经变画 Buddhist Sutra Art,Buddhism,,59,"../public/3zt/4 1-观无量寿经变.jpeg',","#ae907a,#362b2d,#d9cbb3,#725249,#6d9280",#ae907a,#362b2d,#d9cbb3,#725249,#6d9280,,,,,,
Middle Tang Dynasty,112,5,观无量寿经变,经变画 Buddhist Sutra Art,Buddhism,,60,"../public/3zt/5 2-观无量寿经变.jpeg',","#9e7a63,#784c3e,#647e63,#c3a48c,#492f2d",#9e7a63,#784c3e,#647e63,#c3a48c,#492f2d,,,,,,
Middle Tang Dynasty,112,6,局部,经变画 Buddhist Sutra Art,Buddhism,,61,"../public/3zt/6 3-局部.jpeg',","#839484,#422c30,#c5a17c,#dfd1c2,#846154",#839484,#422c30,#c5a17c,#dfd1c2,#846154,,,,,,
Middle Tang Dynasty,112,7,舞乐,经变画 Buddhist Sutra Art,Dance,Music,62,"../public/3zt/7 4-舞乐.jpeg',","#c8a584,#482f33,#ddd3c8,#7c9787,#926453",#c8a584,#482f33,#ddd3c8,#7c9787,#926453,,,,,,
Middle Tang Dynasty,112,8,反弹琵琶,经变画 Buddhist Sutra Art,Dance,Music,63,"../public/3zt/8 5-反弹琵琶舞.jpeg',","#bf9978,#3a282c,#d4c5bf,#728d82,#846455",#bf9978,#3a282c,#d4c5bf,#728d82,#846455,,,,,,
Middle Tang Dynasty,112,9,箜篌妓,经变画 Buddhist Sutra Art,Music,,64,"../public/3zt/9 6-箜篌伎.jpeg',","#c59672,#412c31,#6e8c7c,#ddcab1,#8c6050",#c59672,#412c31,#6e8c7c,#ddcab1,#8c6050,,,,,,
Middle Tang Dynasty,112,10,金刚经变,经变画 Buddhist Sutra Art,Buddhism,,65,"../public/3zt/10 7-金刚经变.jpeg',","#b79479,#856355,#839386,#d7c0a7,#493836",#b79479,#856355,#839386,#d7c0a7,#493836,,,,,,
Middle Tang Dynasty,112,11,金刚经变山水,山水风景Landscape painting,Buddhism,,10,"../public/3zt/11 8-金刚经变山水.jpeg',","#a77f69,#6e4d45,#d7bea5,#809284,#383030",#a77f69,#6e4d45,#d7bea5,#809284,#383030,,,,,,
Middle Tang Dynasty,112,12,金刚之乐队,经变画 Buddhist Sutra Art,Buddhism,Music,66,"../public/3zt/12 9-金刚之乐队.jpeg',","#cfa072,#3b2228,#d9c6ba,#8f5443,#7a8870",#cfa072,#3b2228,#d9c6ba,#8f5443,#7a8870,,,,,,
Middle Tang Dynasty,112,13,报恩经变,经变画 Buddhist Sutra Art,Buddhism,,67,"../public/3zt/13 10-报恩经变.jpeg',","#a5826e,#d2c1b1,#554441,#88978b,#7e493e",#a5826e,#d2c1b1,#554441,#88978b,#7e493e,,,,,,
Middle Tang Dynasty,112,14,鹿母夫人故事,故事画 Story painting,Buddhism,,73,"../public/3zt/14 11-鹿母夫人故事.jpeg',","#b7896a,#72917a,#413433,#8b4137,#b8b497",#b7896a,#72917a,#413433,#8b4137,#b8b497,,,,,,
Middle Tang Dynasty,112,15,鹿母故事,故事画 Story painting,Buddhism,,74,"../public/3zt/15 12-鹿母故事.jpeg',","#b48969,#61876e,#423232,#c7c5a9,#874337",#b48969,#61876e,#423232,#c7c5a9,#874337,,,,,,
Middle Tang Dynasty,112,16,报恩经变之伎乐,经变画 Buddhist Sutra Art,Music,Buddhism ,68,"../public/3zt/16 13-报恩经变之伎乐.jpeg',","#b38c6f,#795147,#d4ccc7,#6b8373,#3d272b",#b38c6f,#795147,#d4ccc7,#6b8373,#3d272b,,,,,,
Middle Tang Dynasty,112,17,报恩经变之舞妓,经变画 Buddhist Sutra Art,Dance,Buddhism ,69,"../public/3zt/17 14-报恩经变之舞伎.jpeg',","#6a8474,#7a463c,#beb3a7,#a47c63,#41312f",#6a8474,#7a463c,#beb3a7,#a47c63,#41312f,,,,,,
Middle Tang Dynasty,112,18,药师经变,经变画 Buddhist Sutra Art,Buddhism,,70,"../public/3zt/18 15-药师经变.jpeg',","#a48871,#d9cfbc,#493c3a,#799887,#824b43",#a48871,#d9cfbc,#493c3a,#799887,#824b43,,,,,,
Middle Tang Dynasty,112,19,药师经变,经变画 Buddhist Sutra Art,Buddhism,,71,"../public/3zt/19 16-药师经变.jpeg',","#be9e82,#503838,#d4c6ba,#788e7c,#936355",#be9e82,#503838,#d4c6ba,#788e7c,#936355,,,,,,
Middle Tang Dynasty,112,20,药师经变之舞妓,经变画 Buddhist Sutra Art,Dance,Buddhism ,72,"../public/3zt/20 17-药师经变之舞妓.jpeg',","#81443c,#d7c8bf,#697868,#af8368,#462d2f",#81443c,#d7c8bf,#697868,#af8368,#462d2f,,,,,,
Middle Tang Dynasty,112,21,观音经变,经变画 Buddhist Sutra Art,Buddhism,,73,"../public/3zt/21 18-观音经变.jpeg',","#cfa882,#6a493c,#d3c6b2,#302325,#917c66",#cfa882,#6a493c,#d3c6b2,#302325,#917c66,,,,,,
Middle Tang Dynasty,154,22,药师经变,经变画 Buddhist Sutra Art,Buddhism,,74,"../public/3zt/22 1-药师经变.jpeg',","#c3ab8f,#8d5950,#dcd5cb,#4b3437,#879684",#c3ab8f,#8d5950,#dcd5cb,#4b3437,#879684,,,,,,
Middle Tang Dynasty,154,23,金光明经变,经变画 Buddhist Sutra Art,Buddhism,,75,"../public/3zt/23 2-金光明经变 154.jpeg',","#d1b7a1,#4a3537,#9d8574,#8da69f,#945b4c",#d1b7a1,#4a3537,#9d8574,#8da69f,#945b4c,,,,,,
Middle Tang Dynasty,154,24,报恩经变,经变画 Buddhist Sutra Art,Buddhism,,76,"../public/3zt/24 3-报恩经变.jpeg',","#998575,#c7bcab,#759688,#8b584a,#5d4c4d",#998575,#c7bcab,#759688,#8b584a,#5d4c4d,,,,,,
Middle Tang Dynasty,154,25,舞乐,经变画 Buddhist Sutra Art,Music,Buddhism ,77,"../public/3zt/25 4-舞乐.jpeg',","#9a7e6e,#d0c4b1,#8ca091,#574a52,#855244",#9a7e6e,#d0c4b1,#8ca091,#574a52,#855244,,,,,,
Middle Tang Dynasty,154,26,供养菩萨,佛像画Buddhist painting,Buddhism,,80,"../public/3zt/26 5-供养菩萨.jpeg',","#cebea9,#5f3e3c,#728a7f,#3a435d,#8e523e",#cebea9,#5f3e3c,#728a7f,#3a435d,#8e523e,,,,,,
Middle Tang Dynasty,154,27,舞妓,经变画 Buddhist Sutra Art,Dance,Buddhism ,78,"../public/3zt/27 6-舞妓.jpeg',","#96796b,#cdc6b6,#3c3033,#79938a,#8d4d3b",#96796b,#cdc6b6,#3c3033,#79938a,#8d4d3b,,,,,,
Middle Tang Dynasty,154,28,乐伎,经变画 Buddhist Sutra Art,Music,Buddhism ,79,"../public/3zt/28 7-乐妓.jpeg',","#cbb6a6,#9e7367,#483f49,#8b958e,#8e493f",#cbb6a6,#9e7367,#483f49,#8b958e,#8e493f,,,,,,
Middle Tang Dynasty,154,29,树下弹琴,故事画 Story painting,Life,Music,75,"../public/3zt/29 8-树下弹琴.jpeg',","#b5987d,#221a1b,#929f97,#8b5641,#667c89",#b5987d,#221a1b,#929f97,#8b5641,#667c89,,,,,,
Middle Tang Dynasty,158,30,东南方净土变,经变画 Buddhist Sutra Art,Buddhism,,80,"../public/3zt/30 1-东南方净土变.jpeg',","#979182,#302627,#cbc0b4,#995c4a,#62665c",#979182,#302627,#cbc0b4,#995c4a,#62665c,,,,,,
Middle Tang Dynasty,158,31,天请问经变胁侍菩萨,佛像画Buddhist painting,Buddhism,,81,"../public/3zt/31 2-天请问经变胁侍菩萨.jpeg',","#d5c8b6,#211c20,#ac7b58,#6c836d,#6f3c34",#d5c8b6,#211c20,#ac7b58,#6c836d,#6f3c34,,,,,,
Middle Tang Dynasty,158,32,天请问经变菩萨,佛像画Buddhist painting,Buddhism,,82,"../public/3zt/32 3-天请问经变菩萨.jpeg',","#d5cec6,#5c7365,#3d2c30,#8c5545,#a79784",#d5cec6,#5c7365,#3d2c30,#8c5545,#a79784,,,,,,
Middle Tang Dynasty,158,33,菩萨,佛像画Buddhist painting,Buddhism,,83,"../public/3zt/33 4-菩萨 .jpeg',","#ddd5c9,#302222,#6c7c67,#8f5541,#b5a28d",#ddd5c9,#302222,#6c7c67,#8f5541,#b5a28d,,,,,,
Middle Tang Dynasty,158,34,菩萨,佛像画Buddhist painting,Buddhism,,84,"../public/3zt/34 5-菩萨.jpeg',","#cfbdaa,#281c1e,#6e7b67,#873f30,#b88865",#cfbdaa,#281c1e,#6e7b67,#873f30,#b88865,,,,,,
Middle Tang Dynasty,158,35,金光明经变之梵天,经变画 Buddhist Sutra Art,Buddhism,,81,"../public/3zt/35 6-金光明经变之梵天.jpeg',","#bda48e,#1f1d1d,#8e4b33,#e0d6cd,#6f7a67",#bda48e,#1f1d1d,#8e4b33,#e0d6cd,#6f7a67,,,,,,
Middle Tang Dynasty,158,36,金光明经变,经变画 Buddhist Sutra Art,Buddhism,,82,"../public/3zt/36 7-金光明经变.jpeg',","#c2b39e,#935543,#3a3130,#e4e0d5,#81907f",#c2b39e,#935543,#3a3130,#e4e0d5,#81907f,,,,,,
Middle Tang Dynasty,158,37,涅槃经变之菩萨和弟子,佛像画Buddhist painting,Buddhism,,85,"../public/3zt/37 8-涅槃经变之菩萨和弟子.jpeg',","#e0cfbe,#886d5d,#5a3531,#bd9e87,#b5664b",#e0cfbe,#886d5d,#5a3531,#bd9e87,#b5664b,,,,,,
Middle Tang Dynasty,158,38,涅槃经变之伽叶奔丧,经变画 Buddhist Sutra Art,Buddhism,,83,"../public/3zt/38 9-涅槃经变之伽叶奔丧.jpeg',","#b89d7f,#322523,#9b6244,#68704e,#dbcdbe",#b89d7f,#322523,#9b6244,#68704e,#dbcdbe,,,,,,
Middle Tang Dynasty,158,39,飞天,,Feitian,Buddhism ,,"../public/3zt/39 10-飞天.jpeg',","#e1d0c5,#7a7d65,#322325,#c99d7b,#884d3c",#e1d0c5,#7a7d65,#322325,#c99d7b,#884d3c,,,,,,
Middle Tang Dynasty,158,40,飞天,,Feitian,Buddhism ,,"../public/3zt/40 11-飞天.jpeg',","#ccbcb5,#392c2b,#767669,#b9927a,#9b573d",#ccbcb5,#392c2b,#767669,#b9927a,#9b573d,,,,,,
Middle Tang Dynasty,158,41,飞天,,Feitian,Buddhism ,,"../public/3zt/41 12-飞天.jpeg',","#5e7e79,#a79084,#403739,#85453a,#d8cdc8",#5e7e79,#a79084,#403739,#85453a,#d8cdc8,,,,,,
Middle Tang Dynasty,158,42,各族王子,故事画 Story painting,Politics/History,Buddhism ,76,"../public/3zt/42 13-各族王子.jpeg',","#b9a28e,#372626,#9a5f47,#e0d3ca,#736859",#b9a28e,#372626,#9a5f47,#e0d3ca,#736859,,,,,,
Middle Tang Dynasty,159,43,1-观无量寿经变,经变画 Buddhist Sutra Art,Buddhism,,84,"../public/3zt/43 1-观无量寿经变.jpeg',","#ad8d7b,#d3d1cd,#453736,#728e83,#8f5548",#ad8d7b,#d3d1cd,#453736,#728e83,#8f5548,,,,,,
Middle Tang Dynasty,159,44,2-对舞,经变画 Buddhist Sutra Art,Dance,Buddhism ,85,"../public/3zt/44 2-对舞.jpeg',","#9f6d52,#daccbe,#322522,#487c6a,#57687d",#9f6d52,#daccbe,#322522,#487c6a,#57687d,,,,,,
Middle Tang Dynasty,159,45,3-舞乐,经变画 Buddhist Sutra Art,Dance,Music,86,"../public/3zt/45 3-舞乐.jpeg',","#5a7867,#805d52,#c4b4a2,#47383d,#965243",#5a7867,#805d52,#c4b4a2,#47383d,#965243,,,,,,
Middle Tang Dynasty,159,46,4-法华经变,经变画 Buddhist Sutra Art,Buddhism,,87,"../public/3zt/46 4-法华经变.jpeg',","#dfdbd3,#8f715d,#557a64,#423531,#a9a398",#dfdbd3,#8f715d,#557a64,#423531,#a9a398,,,,,,
Middle Tang Dynasty,159,47,5-弥勒经变,经变画 Buddhist Sutra Art,Buddhism,,88,"../public/3zt/47 5-弥勒经变.jpeg',","#e2cfbf,#ae8f7d,#45393d,#65786b,#82483b",#e2cfbf,#ae8f7d,#45393d,#65786b,#82483b,,,,,,
Middle Tang Dynasty,159,48,6-普贤变,经变画 Buddhist Sutra Art,Buddhism,,89,"../public/3zt/48 6-普贤变.jpeg',","#e2d7d1,#403737,#678172,#875b4d,#ac9d8d",#e2d7d1,#403737,#678172,#875b4d,#ac9d8d,,,,,,
Middle Tang Dynasty,159,49,7-文殊变,经变画 Buddhist Sutra Art,Buddhism,,90,"../public/3zt/49 7-文殊变.jpeg',","#dac9bf,#577b62,#835548,#958b88,#483536",#dac9bf,#577b62,#835548,#958b88,#483536,,,,,,
Middle Tang Dynasty,159,50,8-文殊变之帝释天,故事画 Story painting,Buddhism,,77,"../public/3zt/50 8-文殊变之帝释天.jpeg',","#e3d6ce,#3a2b2f,#b6a28e,#915747,#737464",#e3d6ce,#3a2b2f,#b6a28e,#915747,#737464,,,,,,
Middle Tang Dynasty,159,51,9-乐队,经变画 Buddhist Sutra Art,Music,Buddhism ,91,"../public/3zt/51 9-乐队.jpeg',","#b8a890,#362d31,#905544,#ded5cd,#7a7c69",#b8a890,#362d31,#905544,#ded5cd,#7a7c69,,,,,,
Middle Tang Dynasty,159,52,10-五台山,山水风景Landscape painting,Life,Buddhism ,11,"../public/3zt/52 10-五台山.jpeg',","#e2d5cc,#6c8065,#392a2a,#c09e81,#886350",#e2d5cc,#6c8065,#392a2a,#c09e81,#886350,,,,,,
Middle Tang Dynasty,159,53,11-五台山,山水风景Landscape painting,Life,Buddhism ,12,"../public/3zt/53 11-五台山.jpeg',","#beb19e,#70795f,#3e322f,#bc8a66,#e3dad6",#beb19e,#70795f,#3e322f,#bc8a66,#e3dad6,,,,,,
Middle Tang Dynasty,159,54,12-维摩诘经变之佛国图,经变画 Buddhist Sutra Art,Buddhism,,92,"../public/3zt/54 12-维摩诘经变之佛国图.jpeg',","#ac8e7c,#d2c3ba,#4d3b3c,#73887b,#845c54",#ac8e7c,#d2c3ba,#4d3b3c,#73887b,#845c54,,,,,,
Middle Tang Dynasty,159,55,13-不思议品,经变画 Buddhist Sutra Art,Buddhism,,93,"../public/3zt/55 13-不思议品.jpeg',","#c3b3a7,#6a7b6b,#7f4639,#e0d4d2,#a7876f",#c3b3a7,#6a7b6b,#7f4639,#e0d4d2,#a7876f,,,,,,
Middle Tang Dynasty,159,56,14-维摩诘,经变画 Buddhist Sutra Art,Buddhism,,94,"../public/3zt/56 14-维摩诘.jpeg',","#dbcbbd,#9e5541,#3a2f2d,#909481,#a87f67",#dbcbbd,#9e5541,#3a2f2d,#909481,#a87f67,,,,,,
Middle Tang Dynasty,159,57,15-吐蕃赞普礼佛,故事画 Story painting,Politics/History,Buddhism ,78,"../public/3zt/57 15-吐蕃赞普礼佛.jpeg',","#bda08b,#2c1f21,#95513e,#7f927b,#e8d5c6",#bda08b,#2c1f21,#95513e,#7f927b,#e8d5c6,,,,,,
Middle Tang Dynasty,159,58,16-各族王子,故事画 Story painting,Politics/History,Buddhism ,79,"../public/3zt/58 16-各族王子.jpeg',","#d4cdc1,#332728,#a1866e,#895646,#869788",#d4cdc1,#332728,#a1866e,#895646,#869788,,,,,,
Middle Tang Dynasty,159,59,17-动物,,Life,Buddhism ,,"../public/3zt/59 17-动物.jpeg',","#ded2cc,#926753,#a3503b,#636b58,#b5a493",#ded2cc,#926753,#a3503b,#636b58,#b5a493,,,,,,
Middle Tang Dynasty,159,60,18-生活,故事画 Story painting,Life,Buddhism ,80,"../public/3zt/60 18-生活.jpeg',","#dcd1ca,#97715b,#626958,#b2a292,#6e372d",#dcd1ca,#97715b,#626958,#b2a292,#6e372d,,,,,,
Middle Tang Dynasty,159,61,19-维摩诘之帝王,故事画 Story painting,Politics/History,Buddhism ,81,"../public/3zt/61 19-维摩诘之帝王.jpeg',","#9d8778,#553e3d,#82989b,#4f587a,#d1cac3",#9d8778,#553e3d,#82989b,#4f587a,#d1cac3,,,,,,
Middle Tang Dynasty,199,62,1-观音 大势至菩萨,佛像画Buddhist painting,Buddhism,,86,"../public/3zt/62 1-观音 大势至菩萨.jpeg',","#b8a594,#937561,#d6cdc4,#8d573f,#5e4c47",#b8a594,#937561,#d6cdc4,#8d573f,#5e4c47,,,,,,
Middle Tang Dynasty,199,63,2-菩萨,佛像画Buddhist painting,Buddhism,,87,"../public/3zt/63 2-菩萨.jpeg',","#e7dacd,#2e211e,#6c736a,#b9a695,#9b6e58",#e7dacd,#2e211e,#6c736a,#b9a695,#9b6e58,,,,,,
Middle Tang Dynasty,201,64,1-观无量寿经变,经变画 Buddhist Sutra Art,Buddhism,,95,"../public/3zt/64 1-观无量寿经变.jpeg',","#7e827c,#7c5a4f,#cdbdb0,#443f41,#b58e77",#7e827c,#7c5a4f,#cdbdb0,#443f41,#b58e77,,,,,,
Middle Tang Dynasty,201,65,2-观无量寿经变之大势至,佛像画Buddhist painting,Buddhism,,88,"../public/3zt/65 2-观无量寿经变之大势至.jpeg',","#b68f76,#3e2e34,#874d3f,#d2c5b0,#797b77",#b68f76,#3e2e34,#874d3f,#d2c5b0,#797b77,,,,,,
Middle Tang Dynasty,201,66,3-之思维菩萨,佛像画Buddhist painting,Buddhism,,89,"../public/3zt/66 3-之思维菩萨.jpeg',","#7b8882,#8b5646,#bab1a4,#413739,#b68f60",#7b8882,#8b5646,#bab1a4,#413739,#b68f60,,,,,,
Middle Tang Dynasty,201,67,4-观无量寿经变之乐队,经变画 Buddhist Sutra Art,Music,Buddhism ,96,"../public/3zt/67 4-观无量寿经变之乐队.jpeg',","#8b776e,#b6a390,#58423f,#a66d51,#dacdbb",#8b776e,#b6a390,#58423f,#a66d51,#dacdbb,,,,,,
Middle Tang Dynasty,201,68,5-观无量寿经变之听法菩萨,佛像画Buddhist painting,Buddhism,,90,"../public/3zt/68 5-观无量寿经变之听法菩萨.jpeg',","#717873,#ad9383,#845745,#473737,#acb2ac",#717873,#ad9383,#845745,#473737,#acb2ac,,,,,,
Middle Tang Dynasty,201,69,6-藻井,装饰图案画Decorative pattern painting,Zaojing Pattern,,10,"../public/3zt/69 6-藻井.jpeg',","#a96b52,#b4947c,#79846d,#765049,#dcc4a8",#a96b52,#b4947c,#79846d,#765049,#dcc4a8,,,,,,
Middle Tang Dynasty,201,70,7-穹顶图案,装饰图案画Decorative pattern painting,Zaojing Pattern,,11,"../public/3zt/70 7-穹顶图案.jpeg',","#decfc2,#3c2b2d,#87513e,#67735d,#b89a7e",#decfc2,#3c2b2d,#87513e,#67735d,#b89a7e,,,,,,
Middle Tang Dynasty,202,71,1-弥勒经变,经变画 Buddhist Sutra Art,Buddhism,,97,"../public/3zt/71 1-弥勒经变.jpeg',","#b8a495,#65756a,#a46b55,#603b33,#d3cdc9",#b8a495,#65756a,#a46b55,#603b33,#d3cdc9,,,,,,
Middle Tang Dynasty,202,72,2-梵摩波提回宫,故事画 Story painting,Buddhism,Life,82,"../public/3zt/72 2-梵摩波提回宫.jpeg',","#b1a895,#832a22,#3a4772,#d5cfc2,#55796e",#b1a895,#832a22,#3a4772,#d5cfc2,#55796e,,,,,,
Middle Tang Dynasty,202,73,3-十方诸佛赴会,佛像画Buddhist painting,Buddhism,,91,"../public/3zt/73 3-十方诸佛赴会.jpeg',","#b29e8a,#976a4f,#d5c9ba,#6d7763,#5e332a",#b29e8a,#976a4f,#d5c9ba,#6d7763,#5e332a,,,,,,
Middle Tang Dynasty,205,74,1-弥勒降生,故事画 Story painting,Life,Buddhism ,83,"../public/3zt/74 1-弥勒降生.jpeg',","#d6d1c1,#486d5d,#863f2e,#a4a492,#382120",#d6d1c1,#486d5d,#863f2e,#a4a492,#382120,,,,,,
Middle Tang Dynasty,205,75,2-一种七收,故事画 Story painting,Life,,84,"../public/3zt/75 2-一种七收.jpeg',","#d0cfc1,#9e4f30,#24191b,#4b796f,#cd9774",#d0cfc1,#9e4f30,#24191b,#4b796f,#cd9774,,,,,,
Middle Tang Dynasty,205,76,3-文殊,佛像画Buddhist painting,Buddhism,,92,"../public/3zt/76 3-文殊.jpeg',","#dbd5c8,#682d29,#4f705e,#baac92,#a06449",#dbd5c8,#682d29,#4f705e,#baac92,#a06449,,,,,,
Middle Tang Dynasty,205,77,4-普贤,佛像画Buddhist painting,Buddhism,,93,"../public/3zt/77 4-普贤.jpeg',","#e1d2c5,#65312a,#b1997e,#5a6851,#9d553f",#e1d2c5,#65312a,#b1997e,#5a6851,#9d553f,,,,,,
Middle Tang Dynasty,237,78,1-吐蕃赞普礼佛图,故事画 Story painting,Politics/History,Buddhism ,85,"../public/3zt/78 1-吐蕃赞普礼佛图.jpeg',","#b0a694,#9c7b67,#d2c8b8,#675348,#879a93",#b0a694,#9c7b67,#d2c8b8,#675348,#879a93,,,,,,
Middle Tang Dynasty,237,79,2-西壁龛内盝顶西披 双头瑞像,佛像画Buddhist painting,Buddhism,,94,"../public/3zt/79 2-西壁龛内盝顶西披 双头瑞像.jpeg',","#b08e68,#64a685,#8c5a42,#b6ae9a,#686463",#b08e68,#64a685,#8c5a42,#b6ae9a,#686463,,,,,,
Middle Tang Dynasty,237,80,3-天请问经变,经变画 Buddhist Sutra Art,Buddhism,,98,"../public/3zt/80 3-天请问经变.jpeg',","#769990,#8c6f65,#cabdaa,#47393c,#7b8caf",#769990,#8c6f65,#cabdaa,#47393c,#7b8caf,,,,,,
Middle Tang Dynasty,360,81,1-维摩诘经变之佛国图,经变画 Buddhist Sutra Art,Buddhism,,99,"../public/3zt/81 1-维摩诘经变之佛国图.jpeg',","#d9cec4,#674946,#60816c,#ad9686,#8b4d40",#d9cec4,#674946,#60816c,#ad9686,#8b4d40,,,,,,
Middle Tang Dynasty,360,82,2-天女,,Buddhism,,,"../public/3zt/82 2-天女.jpeg',","#ab866d,#934e3e,#657b6b,#553b36,#d1c2b4",#ab866d,#934e3e,#657b6b,#553b36,#d1c2b4,,,,,,
Middle Tang Dynasty,360,83,3-嫁娶,故事画 Story painting,Life,,86,"../public/3zt/83 3-嫁娶.jpeg',","#b6ae99,#947d69,#71493f,#627a67,#dbd8ca",#b6ae99,#947d69,#71493f,#627a67,#dbd8ca,,,,,,
Middle Tang Dynasty,360,84,4-释迦曼茶罗,,Buddhism,,,"../public/3zt/84 4-释迦曼茶罗.jpeg',","#9f9284,#54715a,#5d4d4c,#a27258,#d8cdba",#9f9284,#54715a,#5d4d4c,#a27258,#d8cdba,,,,,,
Middle Tang Dynasty,360,85,5-天请问经变,经变画 Buddhist Sutra Art,Buddhism,,100,"../public/3zt/85 5-天请问经变.jpeg',","#cec1b3,#4b3432,#6f897b,#9a7a67,#626a7e",#cec1b3,#4b3432,#6f897b,#9a7a67,#626a7e,,,,,,
Middle Tang Dynasty,361,86,1-金刚经变之说法堂,经变画 Buddhist Sutra Art,Buddhism,,101,"../public/3zt/86 1-金刚经变之说法堂.jpeg',","#d3c3b2,#6f483f,#7c8a72,#b37a60,#3f3638",#d3c3b2,#6f483f,#7c8a72,#b37a60,#3f3638,,,,,,
Middle Tang Dynasty,361,87,2-弥勒经变,经变画 Buddhist Sutra Art,Buddhism,,102,"../public/3zt/87 2-弥勒经变.jpeg',","#ccbcae,#8b6f60,#748576,#563532,#a96551",#ccbcae,#8b6f60,#748576,#563532,#a96551,,,,,,
Middle Tang Dynasty,361,88,3-千手千钵文殊,佛像画Buddhist painting,Buddhism,,95,"../public/3zt/88 3-千手千钵文殊.jpeg',","#777d5f,#483c37,#ba9b81,#9f6b51,#deccbc",#777d5f,#483c37,#ba9b81,#9f6b51,#deccbc,,,,,,
Middle Tang Dynasty,468,89,1-文殊变之帝释天,经变画 Buddhist Sutra Art,Buddhism,,103,"../public/3zt/89 1-文殊变之帝释天.jpeg',","#d1c8c0,#6c5755,#9c8b81,#322529,#6f8d83",#d1c8c0,#6c5755,#9c8b81,#322529,#6f8d83,,,,,,
Middle Tang Dynasty,468,90,2-女供养人,供养人面画 Portrait of Donors,Life,Buddhism ,6,"../public/3zt/90 2-女供养人.jpeg',","#e2d3bd,#422f2c,#b38f72,#7f967d,#8b5039",#e2d3bd,#422f2c,#b38f72,#7f967d,#8b5039,,,,,,
Middle Tang Dynasty,468,91,3-观音普门品,经变画 Buddhist Sutra Art,Life,Buddhism ,104,"../public/3zt/91 3-观音普门品.jpeg',","#cdbda9,#1e1716,#8b9c90,#9b5948,#5c4744",#cdbda9,#1e1716,#8b9c90,#9b5948,#5c4744,,,,,,
Middle Tang Dynasty,榆林15窟,92,1-南方天王,,Buddhism,,,"../public/3zt/92 1-南方天王.jpeg',","#dbd1c7,#855746,#9e8f79,#bf8165,#5a544a",#dbd1c7,#855746,#9e8f79,#bf8165,#5a544a,,,,,,
Middle Tang Dynasty,榆林15窟,93,2-北方天王,,Buddhism,,,"../public/3zt/93 2-北方天王.jpeg',","#bda590,#836c5a,#3f3332,#e1d3c6,#854e3e",#bda590,#836c5a,#3f3332,#e1d3c6,#854e3e,,,,,,
Middle Tang Dynasty,榆林15窟,94,3-天王,,Buddhism,,,"../public/3zt/94 3-天王.jpeg',","#a27d5d,#dcccba,#7e5a3f,#c6a684,#4c3c30",#a27d5d,#dcccba,#7e5a3f,#c6a684,#4c3c30,,,,,,
Middle Tang Dynasty,榆林15窟,95,4-力士,,Buddhism,,,"../public/3zt/95 4-力士.jpeg',","#eddfcf,#895c4c,#cbab91,#9f4b3c,#4f3532",#eddfcf,#895c4c,#cbab91,#9f4b3c,#4f3532,,,,,,
Middle Tang Dynasty,榆林15窟,96,5-飞天,,Buddhism,,,"../public/3zt/96 5-飞天.jpeg',","#cecbca,#332123,#b9a78d,#686756,#956850",#cecbca,#332123,#b9a78d,#686756,#956850,,,,,,
Middle Tang Dynasty,榆林15窟,97,6-毗沙门天王,,Buddhism,,,"../public/3zt/97 6-毗沙门天王.jpeg',","#b49879,#251d22,#926a50,#d7c1a4,#5a433c",#b49879,#251d22,#926a50,#d7c1a4,#5a433c,,,,,,
Middle Tang Dynasty,榆林25窟,98,1-南方天王,,Buddhism,,,"../public/3zt/98 1-南方天王.jpeg',","#bfa382,#3a2823,#dfccb2,#8c6950,#798268",#bfa382,#3a2823,#dfccb2,#8c6950,#798268,,,,,,
Middle Tang Dynasty,榆林25窟,99,2-夜叉,,Buddhism,,,"../public/3zt/99 2-夜叉.jpeg',","#e5dfca,#99785e,#2f2421,#c4b094,#764f3b",#e5dfca,#99785e,#2f2421,#c4b094,#764f3b,,,,,,
Middle Tang Dynasty,榆林25窟,100,3-文殊变,经变画 Buddhist Sutra Art,Buddhism,,105,"../public/3zt/100 3-文殊变.jpeg',","#dac9b7,#765952,#989486,#aa7c67,#4b3737",#dac9b7,#765952,#989486,#aa7c67,#4b3737,,,,,,
Middle Tang Dynasty,榆林25窟,101,4-普贤变,经变画 Buddhist Sutra Art,Buddhism,,106,"../public/3zt/101 4-普贤变.jpeg',","#a79c8f,#755b52,#3d2b2c,#a97e67,#d7c9ba",#a79c8f,#755b52,#3d2b2c,#a97e67,#d7c9ba,,,,,,
Middle Tang Dynasty,榆林25窟,102,5-观音 大势至菩萨,佛像画Buddhist painting,Buddhism,,96,"../public/3zt/102 5-观音 大势至菩萨.jpeg',","#b49587,#7f4e44,#dccac2,#472d2c,#6c6b62",#b49587,#7f4e44,#dccac2,#472d2c,#6c6b62,,,,,,
Middle Tang Dynasty,榆林25窟,103,6-弥勒经变之一种七收,故事画 Story painting,Buddhism,Life,87,"../public/3zt/103 6-弥勒经变之一种七收.jpeg',","#758b82,#8c7469,#c7b5a3,#8d4c45,#483837",#758b82,#8c7469,#c7b5a3,#8d4c45,#483837,,,,,,
Middle Tang Dynasty,榆林25窟,104,7-弥勒经变,经变画 Buddhist Sutra Art,Buddhism,,107,"../public/3zt/104 7-弥勒经变.jpeg',","#b0907b,#604640,#d5c5b5,#788777,#905749",#b0907b,#604640,#d5c5b5,#788777,#905749,,,,,,
Middle Tang Dynasty,榆林25窟,105,8-女剃度,故事画 Story painting,Life,Buddhism ,88,"../public/3zt/105 8-女剃度.jpeg',","#e1cebf,#9b6f60,#443030,#939183,#83423c",#e1cebf,#9b6f60,#443030,#939183,#83423c,,,,,,
Middle Tang Dynasty,榆林25窟,106,9-墓园,故事画 Story painting,Life,,89,"../public/3zt/106 9-墓园.jpeg',","#6a3a32,#a68f7b,#6e7b6e,#3b2b2c,#d2c6b8",#6a3a32,#a68f7b,#6e7b6e,#3b2b2c,#d2c6b8,,,,,,
Middle Tang Dynasty,榆林25窟,107,10-三会说法,佛像画Buddhist painting,Buddhism,,97,"../public/3zt/107 10-三会说法.jpeg',","#967563,#c5b5a6,#513734,#975445,#767e75",#967563,#c5b5a6,#513734,#975445,#767e75,,,,,,
Middle Tang Dynasty,榆林25窟,108,11-菩萨,佛像画Buddhist painting,Buddhism,,98,"../public/3zt/108 11-菩萨.jpeg',","#b6a291,#7e6256,#6c7e6f,#d9cdc5,#382a28",#b6a291,#7e6256,#6c7e6f,#d9cdc5,#382a28,,,,,,
Middle Tang Dynasty,榆林25窟,109,12-菩萨,佛像画Buddhist painting,Buddhism,,99,"../public/3zt/109 12-菩萨.jpeg',","#dbcdc4,#935350,#382323,#898578,#aa4739",#dbcdc4,#935350,#382323,#898578,#aa4739,,,,,,
Middle Tang Dynasty,榆林25窟,110,13-观无量寿经变菩萨,经变画 Buddhist Sutra Art,Buddhism,,108,"../public/3zt/110 13-观无量寿经变菩萨.jpeg',","#cabcae,#362223,#7c8880,#8a5d51,#454143",#cabcae,#362223,#7c8880,#8a5d51,#454143,,,,,,
Middle Tang Dynasty,榆林25窟,111,14-共命鸟,故事画 Story painting,Buddhism,,90,"../public/3zt/111 14-共命鸟.jpeg',","#22222c,#879991,#512a2e,#cdc0af,#8e6052",#22222c,#879991,#512a2e,#cdc0af,#8e6052,,,,,,
Middle Tang Dynasty,榆林25窟,112,15-伎乐,,Dance,Music,,"../public/3zt/112 15-伎乐.jpeg',","#522d2e,#c7bfb7,#7a8578,#90594e,#444040",#522d2e,#c7bfb7,#7a8578,#90594e,#444040,,,,,,
Middle Tang Dynasty,358,113,1-不空绢索观音-358,佛像画Buddhist painting,Buddhism,,100,"../public/3zt/113 不空绢索观音-358.jpeg',","#b3977f,#ddd1c6,#4a3632,#8e5742,#738472",#b3977f,#ddd1c6,#4a3632,#8e5742,#738472,,,,,,
Middle Tang Dynasty,384,114,1-观音-384,佛像画Buddhist painting,Buddhism,,101,"../public/3zt/114 观音-384.jpeg',","#b5a196,#50393a,#748680,#8b564e,#e5dbd3",#b5a196,#50393a,#748680,#8b564e,#e5dbd3,,,,,,
Middle Tang Dynasty,369,115,1-金刚经变-369,经变画 Buddhist Sutra Art,Buddhism,,109,"../public/3zt/115 金刚经变-369.jpeg',","#c6b295,#757b65,#50332c,#bf8b62,#e0d6c2",#c6b295,#757b65,#50332c,#bf8b62,#e0d6c2,,,,,,
Middle Tang Dynasty,197,116,1-书上千佛-197,佛像画Buddhist painting,Buddhism,,102,"../public/3zt/116 书上千佛-197.jpeg',","#d2b5a6,#757460,#a87868,#eddad2,#8a4034",#d2b5a6,#757460,#a87868,#eddad2,#8a4034,,,,,,
Middle Tang Dynasty,231,117,1-隐处士父母供养像-231,供养人面画 Portrait of Donors,Life,Buddhism ,7,"../public/3zt/117 隐处士父母供养像-231.jpeg',","#bd9887,#a4574b,#4d3b3f,#d6baaf,#82898d",#bd9887,#a4574b,#4d3b3f,#d6baaf,#82898d,,,,,,
Late Tang Dynasty,340,1,1佛教圣迹图-340,故事画 Story painting,Buddhism,,91,"../public/4wt/1 佛教圣迹图.jpeg',","#8e8074,#342224,#baa69c,#7d4e38,#57615d",#8e8074,#342224,#baa69c,#7d4e38,#57615d,,,,,,
Late Tang Dynasty,474,2,1送物入墓园-474,故事画 Story painting,Life,,92,"../public/4wt/2 送物入墓园.jpeg',","#c0988d,#4f1d1d,#706e6d,#91675a,#2b1b1d",#c0988d,#4f1d1d,#706e6d,#91675a,#2b1b1d,,,,,,
Late Tang Dynasty,54,3,1天王与菩萨-54窟,佛像画Buddhist painting,Buddhism,,103,"../public/4wt/3 天王与菩萨.jpeg',","#a77863,#7b544a,#cf9e84,#472b2b,#74312a",#a77863,#7b544a,#cf9e84,#472b2b,#74312a,,,,,,
Late Tang Dynasty,9,4,1华感经变,经变画 Buddhist Sutra Art,Buddhism,,110,"../public/4wt/4 华感经变.jpeg',","#79666c,#23191f,#a88b8f,#5e3837,#4b4d59",#79666c,#23191f,#a88b8f,#5e3837,#4b4d59,,,,,,
Late Tang Dynasty,9,5,2劳度差门圣变,故事画 Story painting,Buddhism,Politics/History,93,"../public/4wt/5 劳度差门圣变.jpeg',","#957a75,#656267,#392729,#b19691,#7a554b",#957a75,#656267,#392729,#b19691,#7a554b,,,,,,
Late Tang Dynasty,9,6,3衹陀园,故事画 Story painting,Life,Buddhism ,94,"../public/4wt/6 衹陀园.jpeg',","#9d7e7b,#62666f,#bea8aa,#71423b,#3b2e34",#9d7e7b,#62666f,#bea8aa,#71423b,#3b2e34,,,,,,
Late Tang Dynasty,9,7,4王舍城,故事画 Story painting,Life,Buddhism ,95,"../public/4wt/7 王舍城.jpeg',","#937976,#5d4e4c,#935e47,#c0a19b,#2e2529",#937976,#5d4e4c,#935e47,#c0a19b,#2e2529,,,,,,
Late Tang Dynasty,9,8,5担舆,故事画 Story painting,Life,,96,"../public/4wt/8 担舆.jpeg',","#ac8a85,#231a1e,#6b3527,#8b695f,#544342",#ac8a85,#231a1e,#6b3527,#8b695f,#544342,,,,,,
Late Tang Dynasty,9,9,6劳度差,故事画 Story painting,Buddhism,,97,"../public/4wt/9 劳度差.jpeg',","#d2b7ad,#535a69,#2a283b,#938081,#825448",#d2b7ad,#535a69,#2a283b,#938081,#825448,,,,,,
Late Tang Dynasty,9,10,7龙鸟搏门,故事画 Story painting,Buddhism,,98,"../public/4wt/10 龙鸟搏门.jpeg',","#445068,#a97a78,#1e171c,#975c4d,#6e7284",#445068,#a97a78,#1e171c,#975c4d,#6e7284,,,,,,
Late Tang Dynasty,9,11,8乘龙仙人,,Buddhism,,,"../public/4wt/11 乘龙仙人.jpeg',","#9e7e82,#1c151c,#c7a2a2,#774a41,#625b66",#9e7e82,#1c151c,#c7a2a2,#774a41,#625b66,,,,,,
Late Tang Dynasty,9,12,9天人,,Buddhism,,,"../public/4wt/12 天人.jpeg',","#b89387,#2c2331,#767d7c,#d4bbb2,#7a5047",#b89387,#2c2331,#767d7c,#d4bbb2,#7a5047,,,,,,
Late Tang Dynasty,9,13,10暴风中的外道,,Life,,,"../public/4wt/13 暴风中的外道.jpeg',","#8d7e7a,#1e1a26,#753f32,#b89690,#68656b",#8d7e7a,#1e1a26,#753f32,#b89690,#68656b,,,,,,
Late Tang Dynasty,9,14,11鸣金钟,佛像画Buddhist painting,Buddhism,,104,"../public/4wt/14 鸣金钟.jpeg',","#b09c99,#1c1921,#7e858b,#603229,#5f5a60",#b09c99,#1c1921,#7e858b,#603229,#5f5a60,,,,,,
Late Tang Dynasty,9,15,12维摩诘经变,经变画 Buddhist Sutra Art,Buddhism,,111,"../public/4wt/15 维摩诘经变.jpeg',","#b18e80,#3d333a,#e5c4b0,#756565,#854938",#b18e80,#3d333a,#e5c4b0,#756565,#854938,,,,,,
Late Tang Dynasty,9,16,13维摩诘,佛像画Buddhist painting,Buddhism,,105,"../public/4wt/16 维摩诘.jpeg',","#c8aba7,#27242b,#592f2e,#706c74,#844a3f",#c8aba7,#27242b,#592f2e,#706c74,#844a3f,,,,,,
Late Tang Dynasty,9,17,14妙喜世界,故事画 Story painting,Buddhism,,99,"../public/4wt/17 14妙喜世界.jpeg',","#dbc3b8,#251d23,#9b9895,#5d686e,#6c4339",#dbc3b8,#251d23,#9b9895,#5d686e,#6c4339,,,,,,
Late Tang Dynasty,9,18,15维摩诘与富楼那,故事画 Story painting,Buddhism,,100,"../public/4wt/18 维摩诘与富楼那.jpeg',","#ccb2ab,#777a7c,#4b1a1b,#3b4345,#95614d",#ccb2ab,#777a7c,#4b1a1b,#3b4345,#95614d,,,,,,
Late Tang Dynasty,9,19,16阿难乞乳,故事画 Story painting,Life,Buddhism ,101,"../public/4wt/19 16阿难乞乳.jpeg',","#dabbb3,#75493a,#5d645f,#a5857b,#361f24",#dabbb3,#75493a,#5d645f,#a5857b,#361f24,,,,,,
Late Tang Dynasty,9,20,17各族王子,故事画 Story painting,Politics/History,Life,102,"../public/4wt/20 17各族王子.jpeg',","#9d827a,#522623,#5c6663,#282126,#c8aca4",#9d827a,#522623,#5c6663,#282126,#c8aca4,,,,,,
Late Tang Dynasty,9,21,18文殊变,经变画 Buddhist Sutra Art,Buddhism,,112,"../public/4wt/21 18文殊变.jpeg',","#9e9b95,#383138,#d1c2b7,#766a6a,#845645",#9e9b95,#383138,#d1c2b7,#766a6a,#845645,,,,,,
Late Tang Dynasty,9,22,19普贤变,经变画 Buddhist Sutra Art,Buddhism,,113,"../public/4wt/22 19普贤变.jpeg',","#ada7a0,#342e37,#d3d1ca,#754d43,#7b7777",#ada7a0,#342e37,#d3d1ca,#754d43,#7b7777,,,,,,
Late Tang Dynasty,9,23,20释梵诸天,佛像画Buddhist painting,Buddhism,,106,"../public/4wt/23 20释梵诸天.jpeg',","#a58a89,#2a1f26,#736569,#673734,#ccaeac",#a58a89,#2a1f26,#736569,#673734,#ccaeac,,,,,,
Late Tang Dynasty,9,24,21毗沙门天王,,Buddhism,,,"../public/4wt/24 21毗沙门天王.jpeg',","#a88581,#261d23,#726669,#ccaeac,#5e3935",#a88581,#261d23,#726669,#ccaeac,#5e3935,,,,,,
Late Tang Dynasty,9,25,22女供养人行列,供养人面画 Portrait of Donors,Life,Buddhism ,8,"../public/4wt/25 22女供养人行列.jpeg',","#a98884,#2e282c,#c9acab,#5c3128,#795f5a",#a98884,#2e282c,#c9acab,#5c3128,#795f5a,,,,,,
Late Tang Dynasty,9,26,23瑞像,,Buddhism,,,"../public/4wt/26 23瑞像.jpeg',","#b89ba0,#171218,#682d2a,#827d89,#504360",#b89ba0,#171218,#682d2a,#827d89,#504360,,,,,,
Late Tang Dynasty,9,27,24佛教圣迹图,故事画 Story painting,Buddhism,,103,"../public/4wt/27 24佛教圣迹图.jpeg',","#e7c4bd,#a49c9f,#3f2b32,#ba7255,#6f6774",#e7c4bd,#a49c9f,#3f2b32,#ba7255,#6f6774,,,,,,
Late Tang Dynasty,12,28,1战争图,故事画 Story painting,War,,104,"../public/4wt/28 1战争图.jpeg',","#987a75,#2b1f25,#9e9fa3,#7c4532,#552b28",#987a75,#2b1f25,#9e9fa3,#7c4532,#552b28,,,,,,
Late Tang Dynasty,12,29,2火灾,故事画 Story painting,Life,,105,"../public/4wt/29 2火灾.jpeg',","#876967,#281d24,#7f7f89,#642e2a,#5a5e68",#876967,#281d24,#7f7f89,#642e2a,#5a5e68,,,,,,
Late Tang Dynasty,12,30,3嫁娶图,故事画 Story painting,Life,,106,"../public/4wt/30 3嫁娶图.jpeg',","#8d5e4c,#4d2325,#7e7b7d,#2e1d24,#793a2a",#8d5e4c,#4d2325,#7e7b7d,#2e1d24,#793a2a,,,,,,
Late Tang Dynasty,12,31,4东方药师经变,经变画 Buddhist Sutra Art,Buddhism,,114,"../public/4wt/31 4东方药师经变.jpeg',","#775552,#582e2e,#666770,#a07e7b,#362b31",#775552,#582e2e,#666770,#a07e7b,#362b31,,,,,,
Late Tang Dynasty,12,32,5佛与众菩萨,佛像画Buddhist painting,Buddhism,,107,"../public/4wt/32 5佛与众菩萨.jpeg',","#8e8d94,#2a1c22,#65302d,#a6776d,#635f68",#8e8d94,#2a1c22,#65302d,#a6776d,#635f68,,,,,,
Late Tang Dynasty,12,33,6供养人像,供养人面画 Portrait of Donors,Life,Buddhism ,9,"../public/4wt/33 6供养人像.jpeg',","#b0816f,#783425,#d4bdb0,#462828,#87797f",#b0816f,#783425,#d4bdb0,#462828,#87797f,,,,,,
Late Tang Dynasty,12,34,7观音救诸苦难,故事画 Story painting,Buddhism,,107,"../public/4wt/34 7观音救诸苦难.jpeg',","#907372,#5b2521,#a6999b,#803d2e,#514149",#907372,#5b2521,#a6999b,#803d2e,#514149,,,,,,
Late Tang Dynasty,12,35,8胡人像,,Life,Politics/History,,"../public/4wt/35 8胡人像.jpeg',","#a47871,#1d1317,#b7918e,#5d1e1c,#855a53",#a47871,#1d1317,#b7918e,#5d1e1c,#855a53,,,,,,
Late Tang Dynasty,12,36,9华敢经变,经变画 Buddhist Sutra Art,Buddhism,,115,"../public/4wt/36 9华敢经变.jpeg',","#937273,#77423d,#6b818f,#433037,#c0a3a4",#937273,#77423d,#6b818f,#433037,#c0a3a4,,,,,,
Late Tang Dynasty,12,37,10佛,佛像画Buddhist painting,Buddhism,,108,"../public/4wt/37 10佛.jpeg',","#521d1e,#7e6760,#251c23,#72463c,#676a71",#521d1e,#7e6760,#251c23,#72463c,#676a71,,,,,,
Late Tang Dynasty,12,38,11迦灵频伽鸟,故事画 Story painting,Buddhism,,108,"../public/4wt/38 11迦灵频伽鸟.jpeg',","#603938,#84858c,#9a7370,#312027,#72302d",#603938,#84858c,#9a7370,#312027,#72302d,,,,,,
Late Tang Dynasty,12,39,12未生怨,经变画 Buddhist Sutra Art,Buddhism,,116,"../public/4wt/39 12未生怨.jpeg',","#937270,#72281a,#777987,#4b2c30,#845446",#937270,#72281a,#777987,#4b2c30,#845446,,,,,,
Late Tang Dynasty,12,40,13女供养人行列,供养人面画 Portrait of Donors,Life,Buddhism ,10,"../public/4wt/40 13女供养人行列.jpeg',","#5a3b3c,#c29b8f,#271a20,#858887,#916961",#5a3b3c,#c29b8f,#271a20,#858887,#916961,,,,,,
Late Tang Dynasty,12,41,14千佛,佛像画Buddhist painting,Buddhism,,109,"../public/4wt/41 14千佛.jpeg',","#8c6866,#4b3031,#b4948f,#6a271f,#65706d",#8c6866,#4b3031,#b4948f,#6a271f,#65706d,,,,,,
Late Tang Dynasty,12,42,15四天王像,,Buddhism,,,"../public/4wt/42 15四天王像.jpeg',","#b0887f,#341e22,#6f7e7b,#834935,#74626b",#b0887f,#341e22,#6f7e7b,#834935,#74626b,,,,,,
Late Tang Dynasty,12,43,16天神请问图,故事画 Story painting,Buddhism,,109,"../public/4wt/43 16天神请问图.jpeg',","#959394,#1c141a,#c4a09a,#603635,#985746",#959394,#1c141a,#c4a09a,#603635,#985746,,,,,,
Late Tang Dynasty,12,44,17文殊问疾,故事画 Story painting,Buddhism,,110,"../public/4wt/44 17文殊问疾.jpeg',","#907d7f,#4a2529,#2a1e26,#e5dee0,#7b4b42",#907d7f,#4a2529,#2a1e26,#e5dee0,#7b4b42,,,,,,
Late Tang Dynasty,12,45,18无量寿佛说法图,经变画 Buddhist Sutra Art,Buddhism,,117,"../public/4wt/45 18无量寿佛说法图.jpeg',","#8f5953,#441e23,#7b2320,#716268,#b5807b",#8f5953,#441e23,#7b2320,#716268,#b5807b,,,,,,
Late Tang Dynasty,12,46,19夜叉鬼,故事画 Story painting,Buddhism,,111,"../public/4wt/46 19夜叉鬼.jpeg',","#4d5d5e,#4f3536,#55516e,#66261d,#8a6f72",#4d5d5e,#4f3536,#55516e,#66261d,#8a6f72,,,,,,
Late Tang Dynasty,12,47,20雨中耕作,故事画 Story painting,Life,,112,"../public/4wt/47 20雨中耕作.jpeg',","#ae796d,#25161b,#712e29,#a79392,#74676b",#ae796d,#25161b,#712e29,#a79392,#74676b,,,,,,
Late Tang Dynasty,12,48,21女供养人像,供养人面画 Portrait of Donors,Life,Buddhism ,11,"../public/4wt/48 21女供养人像.jpeg',","#724f49,#291c21,#7990a1,#987776,#60606f",#724f49,#291c21,#7990a1,#987776,#60606f,,,,,,
Late Tang Dynasty,12,49,22四方佛藻井,装饰图案画Decorative pattern painting,Zaojing Pattern,Buddhism ,12,"../public/4wt/49 22四方佛藻井.jpeg',","#6c5244,#321b20,#946a58,#57302b,#9a887c",#6c5244,#321b20,#946a58,#57302b,#9a887c,,,,,,
Late Tang Dynasty,12,50,23不空羂索观音,佛像画Buddhist painting,Buddhism,,110,"../public/4wt/50 23不空羂索观音.jpeg',","#8f685e,#614542,#85807f,#6c3429,#392124",#8f685e,#614542,#85807f,#6c3429,#392124,,,,,,
Late Tang Dynasty,12,51,24千手千眼观音,佛像画Buddhist painting,Buddhism,,111,"../public/4wt/51 24千手千眼观音.jpeg',","#786059,#5c3f38,#7d858f,#392326,#9c7f7a",#786059,#5c3f38,#7d858f,#392326,#9c7f7a,,,,,,
Late Tang Dynasty,12,52,25如意轮观音,佛像画Buddhist painting,Buddhism,,112,"../public/4wt/52 25如意轮观音.jpeg',","#7b625f,#5b3935,#7b868d,#2e1f22,#a58683",#7b625f,#5b3935,#7b868d,#2e1f22,#a58683,,,,,,
Late Tang Dynasty,12,53,26大日如来,佛像画Buddhist painting,Buddhism,,113,"../public/4wt/53 26大日如来.jpeg',","#6a4c47,#60757e,#38262b,#977b78,#5f2526",#6a4c47,#60757e,#38262b,#977b78,#5f2526,,,,,,
Late Tang Dynasty,12,54,27持梵匣菩萨,佛像画Buddhist painting,Buddhism,,114,"../public/4wt/54 27持梵匣菩萨.jpeg',","#683b38,#2e2329,#946159,#591519,#575b64",#683b38,#2e2329,#946159,#591519,#575b64,,,,,,
Late Tang Dynasty,12,55,28持莲华菩萨,佛像画Buddhist painting,Buddhism,,115,"../public/4wt/55 28持莲华菩萨.jpeg',","#916b68,#1e141b,#652b1f,#626368,#542c2a",#916b68,#1e141b,#652b1f,#626368,#542c2a,,,,,,
Late Tang Dynasty,12,56,29乐舞伎,,Music,Life,,"../public/4wt/56 29乐舞伎.jpeg',","#68463d,#696e7a,#24181b,#5e1d12,#34414e",#68463d,#696e7a,#24181b,#5e1d12,#34414e,,,,,,
Late Tang Dynasty,12,57,30金刚菩萨,佛像画Buddhist painting,Buddhism,,116,"../public/4wt/57 30金刚菩萨.jpeg',","#7d584f,#572726,#4a4c55,#2f1c22,#64717c",#7d584f,#572726,#4a4c55,#2f1c22,#64717c,,,,,,
Late Tang Dynasty,18,58,1乐舞,,Music,Dance,,"../public/4wt/58 1乐舞.jpeg',","#b88272,#7e3d35,#432728,#868375,#e0b0a3",#b88272,#7e3d35,#432728,#868375,#e0b0a3,,,,,,
Late Tang Dynasty,18,59,2文殊菩萨,佛像画Buddhist painting,Buddhism,,117,"../public/4wt/59 2文殊菩萨.jpeg',","#be8573,#6d322e,#e6b3a7,#9b5b4e,#a0998e",#be8573,#6d322e,#e6b3a7,#9b5b4e,#a0998e,,,,,,
Late Tang Dynasty,85,60,1百戏,,Life,,,"../public/4wt/60 1百戏.jpeg',","#434f60,#1f151b,#5b261d,#958393,#6e4f4f",#434f60,#1f151b,#5b261d,#958393,#6e4f4f,,,,,,
Late Tang Dynasty,85,61,2报恩经变,经变画 Buddhist Sutra Art,Buddhism,,118,"../public/4wt/61 2报恩经变.jpeg',","#5e5764,#86757d,#503239,#2e2636,#b1959a",#5e5764,#86757d,#503239,#2e2636,#b1959a,,,,,,
Late Tang Dynasty,85,62,3禅修僧1,故事画 Story painting,Buddhism,Life,113,"../public/4wt/62 3禅修僧1.jpeg',","#4c5869,#402020,#718297,#2d2d3d,#6c4c4d",#4c5869,#402020,#718297,#2d2d3d,#6c4c4d,,,,,,
Late Tang Dynasty,85,63,4禅修僧2,故事画 Story painting,Buddhism,Life,114,"../public/4wt/63 4禅修僧2.jpeg',","#56616f,#3d2125,#7d6266,#302f43,#6e3e34",#56616f,#3d2125,#7d6266,#302f43,#6e3e34,,,,,,
Late Tang Dynasty,85,64,5东方药师经变,经变画 Buddhist Sutra Art,Buddhism,,119,"../public/4wt/64 5东方药师经变.jpeg',","#af978b,#502d2b,#6c7066,#d8c6ba,#9c604e",#af978b,#502d2b,#6c7066,#d8c6ba,#9c604e,,,,,,
Late Tang Dynasty,85,65,6法华经变,经变画 Buddhist Sutra Art,Buddhism,,120,"../public/4wt/65 6法华经变.jpeg',","#4d4656,#2f1923,#93747d,#57677c,#5d2f2f",#4d4656,#2f1923,#93747d,#57677c,#5d2f2f,,,,,,
Late Tang Dynasty,85,66,7乾城野马,故事画 Story painting,Life,,115,"../public/4wt/66 7乾城野马.jpeg',","#491e1d,#434b58,#6d4e4e,#1f1520,#88737f",#491e1d,#434b58,#6d4e4e,#1f1520,#88737f,,,,,,
Late Tang Dynasty,85,67,8乐舞,,Dance,Music,,"../public/4wt/67 8乐舞.jpeg',","#6c4945,#717579,#303b5f,#b18e87,#3a2527",#6c4945,#717579,#303b5f,#b18e87,#3a2527,,,,,,
Late Tang Dynasty,85,68,9佛像,佛像画Buddhist painting,Buddhism,,118,"../public/4wt/68 9佛像.jpeg',","#dcb6a9,#231920,#c6764f,#838081,#855349",#dcb6a9,#231920,#c6764f,#838081,#855349,,,,,,
Late Tang Dynasty,85,69,10佛像,佛像画Buddhist painting,Buddhism,,119,"../public/4wt/69 10佛像.jpeg',","#832b23,#646468,#b99997,#1d1822,#642d2c",#832b23,#646468,#b99997,#1d1822,#642d2c,,,,,,
Late Tang Dynasty,85,70,11藻井,装饰图案画Decorative pattern painting,Zaojing Pattern,,13,"../public/4wt/70 11藻井.jpeg',","#4c2329,#ba968c,#676267,#2f2742,#894c41",#4c2329,#ba968c,#676267,#2f2742,#894c41,,,,,,
Late Tang Dynasty,85,71,12乐舞,,Dance,Music,,"../public/4wt/71 12乐舞.jpeg',","#b99292,#495960,#653332,#271b21,#9d4939",#b99292,#495960,#653332,#271b21,#9d4939,,,,,,
Late Tang Dynasty,85,72,13楞伽经变图,经变画 Buddhist Sutra Art,Buddhism,,121,"../public/4wt/72 13楞伽经变图.jpeg',","#564847,#686d71,#3c2422,#775247,#9a7f7a",#564847,#686d71,#3c2422,#775247,#9a7f7a,,,,,,
Late Tang Dynasty,85,73,14猎夫与屠夫,故事画 Story painting,Life,,116,"../public/4wt/73 14猎夫与屠夫.jpeg',","#576b85,#4a2b2e,#241e2d,#816d7a,#65241d",#576b85,#4a2b2e,#241e2d,#816d7a,#65241d,,,,,,
Late Tang Dynasty,85,74,15鹿母夫人故事,故事画 Story painting,Buddhism,Life,117,"../public/4wt/74 鹿母夫人故事.jpeg',","#847173,#3b1c1d,#545f6c,#b09897,#1f232a",#847173,#3b1c1d,#545f6c,#b09897,#1f232a,,,,,,
Late Tang Dynasty,85,75,16鹿母夫人故事2,故事画 Story painting,Buddhism,Life,118,"../public/4wt/75 鹿母夫人故事2.jpeg',","#a07c7c,#49697c,#47252f,#ceb2af,#742a21",#a07c7c,#49697c,#47252f,#ceb2af,#742a21,,,,,,
Late Tang Dynasty,85,76,17弥勒率天宫,故事画 Story painting,Buddhism,,119,"../public/4wt/76 弥勒率天宫.jpeg',","#a58c8b,#453031,#ceb5b4,#746667,#854435",#a58c8b,#453031,#ceb5b4,#746667,#854435,,,,,,
Late Tang Dynasty,85,77,18骑队,故事画 Story painting,Life,,120,"../public/4wt/77 18骑队.jpeg',","#646465,#40191a,#b79b92,#18214a,#866761",#646465,#40191a,#b79b92,#18214a,#866761,,,,,,
Late Tang Dynasty,85,78,19射金狮故事1,故事画 Story painting,Life,,121,"../public/4wt/78 19射金狮故事.jpeg',","#6b7a85,#533032,#9a868d,#7a544d,#3b4363",#6b7a85,#533032,#9a868d,#7a544d,#3b4363,,,,,,
Late Tang Dynasty,85,79,20射金狮故事2,故事画 Story painting,Life,,122,"../public/4wt/79 20射金狮故事.jpeg',","#b19d9d,#72656d,#432e30,#6e848c,#7e5647",#b19d9d,#72656d,#432e30,#6e848c,#7e5647,,,,,,
Late Tang Dynasty,85,80,21树下弹筝,故事画 Story painting,Life,,123,"../public/4wt/80 21树下弹筝.jpeg',","#353f49,#341113,#836f7b,#0f1d46,#1a1418",#353f49,#341113,#836f7b,#0f1d46,#1a1418,,,,,,
Late Tang Dynasty,85,81,22听法菩萨,佛像画Buddhist painting,Buddhism,,120,"../public/4wt/81 22听法菩萨.jpeg',","#35171b,#957476,#111b47,#3a4555,#573031",#35171b,#957476,#111b47,#3a4555,#573031,,,,,,
Late Tang Dynasty,85,82,23童子嬉戏,故事画 Story painting,Life,,124,"../public/4wt/82 23童子嬉戏.jpeg',","#ac9096,#70464b,#252e5a,#5a6777,#341c21",#ac9096,#70464b,#252e5a,#5a6777,#341c21,,,,,,
Late Tang Dynasty,85,83,24屠房,故事画 Story painting,Life,,125,"../public/4wt/83 24屠房.jpeg',","#516989,#6f3630,#2d1e2a,#8d8499,#675567",#516989,#6f3630,#2d1e2a,#8d8499,#675567,,,,,,
Late Tang Dynasty,85,84,25帏屋闲话,故事画 Story painting,Life,,126,"../public/4wt/84 25帏屋闲话.jpeg',","#625d61,#8f6a63,#2f222b,#617984,#723f2e",#625d61,#8f6a63,#2f222b,#617984,#723f2e,,,,,,
Late Tang Dynasty,85,85,26西方净土变,经变画 Buddhist Sutra Art,Buddhism,,122,"../public/4wt/85 26西方净土变.jpeg',","#695655,#937675,#55302d,#3a3436,#ba9d9e",#695655,#937675,#55302d,#3a3436,#ba9d9e,,,,,,
Late Tang Dynasty,85,86,27战马,故事画 Story painting,War,,127,"../public/4wt/86 27战马.jpeg',","#8d7570,#4f5552,#7d412e,#b39490,#491c18",#8d7570,#4f5552,#7d412e,#b39490,#491c18,,,,,,
Late Tang Dynasty,107,87,1佛弟子像,佛像画Buddhist painting,Buddhism,,121,"../public/4wt/87 1佛弟子像.jpeg',","#ba8d76,#2a1b26,#672529,#e4bcaa,#905342",#ba8d76,#2a1b26,#672529,#e4bcaa,#905342,,,,,,
Late Tang Dynasty,107,88,2菩萨,佛像画Buddhist painting,Buddhism,,122,"../public/4wt/88 2菩萨.jpeg',","#a1806f,#805e4d,#773825,#bd9e8b,#4c2c22",#a1806f,#805e4d,#773825,#bd9e8b,#4c2c22,,,,,,
Late Tang Dynasty,107,89,3菩萨,佛像画Buddhist painting,Buddhism,,123,"../public/4wt/89 3菩萨.jpeg',","#96675b,#3e0d15,#b3877e,#7e2b19,#6d3226",#96675b,#3e0d15,#b3877e,#7e2b19,#6d3226,,,,,,
Late Tang Dynasty,107,90,4喜和母女供养像,供养人面画 Portrait of Donors,Life,Buddhism ,12,"../public/4wt/90 4喜和母女供养像.jpeg',","#c7998c,#6f372a,#28151c,#e4b8ad,#a16c59",#c7998c,#6f372a,#28151c,#e4b8ad,#a16c59,,,,,,
Late Tang Dynasty,107,91,5观无量寿经变,经变画 Buddhist Sutra Art,Buddhism,,123,"../public/4wt/91 5观无量寿经变.jpeg',","#a17769,#7a4b41,#888379,#4a2929,#c9a295",#a17769,#7a4b41,#888379,#4a2929,#c9a295,,,,,,
Late Tang Dynasty,138,92,1金光明经变舍身品,经变画 Buddhist Sutra Art,Buddhism,,124,"../public/4wt/92 1金光明经变舍身品.jpeg',","#a17a63,#7d493c,#686960,#c6a48e,#432533",#a17a63,#7d493c,#686960,#c6a48e,#432533,,,,,,
Late Tang Dynasty,138,93,2百兽听法,故事画 Story painting,Buddhism,,128,"../public/4wt/93 2百兽听法.jpeg',","#b18f80,#663324,#776859,#95593f,#421f1c",#b18f80,#663324,#776859,#95593f,#421f1c,,,,,,
Late Tang Dynasty,138,94,3男剃度,故事画 Story painting,Life,Buddhism ,129,"../public/4wt/94 3男剃度.jpeg',","#a1806d,#4e2824,#d6b2a6,#504e44,#7f5040",#a1806d,#4e2824,#d6b2a6,#504e44,#7f5040,,,,,,
Late Tang Dynasty,138,95,4山景,山水风景Landscape painting,Life,,13,"../public/4wt/95 4山景.jpeg',","#c69f92,#65685f,#9a7261,#7e3d2d,#45312d",#c69f92,#65685f,#9a7261,#7e3d2d,#45312d,,,,,,
Late Tang Dynasty,138,96,5帝王出行图,故事画 Story painting,Politics/History,Life,130,"../public/4wt/96 5帝王出行图.jpeg',","#6a413c,#ab715a,#3b2426,#dea485,#87372b",#6a413c,#ab715a,#3b2426,#dea485,#87372b,,,,,,
Late Tang Dynasty,138,97,6鹿母故事,故事画 Story painting,Life,Buddhism ,131,"../public/4wt/97 6鹿母故事.jpeg',","#c99072,#827969,#433f36,#9a583a,#eebda5",#c99072,#827969,#433f36,#9a583a,#eebda5,,,,,,
Late Tang Dynasty,138,98,7山城,山水风景Landscape painting,Life,,14,"../public/4wt/98 7山城.jpeg',","#9b6952,#6b5444,#c18e77,#753324,#492d26",#9b6952,#6b5444,#c18e77,#753324,#492d26,,,,,,
Late Tang Dynasty,138,99,8报恩经变,经变画 Buddhist Sutra Art,Buddhism,,125,"../public/4wt/99 8报恩经变.jpeg',","#bb8675,#6d4c45,#8e4538,#f2ccbc,#3d2e32",#bb8675,#6d4c45,#8e4538,#f2ccbc,#3d2e32,,,,,,
Late Tang Dynasty,144,100,1舞妓,,Dance,,,"../public/4wt/100 1舞妓.jpeg',","#828b82,#181217,#6e2d23,#a2806e,#502e2d",#828b82,#181217,#6e2d23,#a2806e,#502e2d,,,,,,
Late Tang Dynasty,144,101,2龙天诸神,,Buddhism,,,"../public/4wt/101 2龙天诸神.jpeg',","#5d2321,#767c7d,#2e191d,#a88a84,#7c574d",#5d2321,#767c7d,#2e191d,#a88a84,#7c574d,,,,,,
Late Tang Dynasty,144,102,3金刚拳菩萨,佛像画Buddhist painting,Buddhism,,124,"../public/4wt/102 3金刚拳菩萨.jpeg',","#4b1318,#ac8b7a,#555e59,#916854,#6a211c",#4b1318,#ac8b7a,#555e59,#916854,#6a211c,,,,,,
Late Tang Dynasty,144,103,4鹿,,Life,,,"../public/4wt/103 4鹿.jpeg',","#606467,#4c1a1b,#7e2f1c,#2c1c1f,#87615e",#606467,#4c1a1b,#7e2f1c,#2c1c1f,#87615e,,,,,,
Late Tang Dynasty,144,104,5鹿,,Life,,,"../public/4wt/104 5鹿.jpeg',","#615f5a,#814d3a,#331e20,#6a1e14,#9b776f",#615f5a,#814d3a,#331e20,#6a1e14,#9b776f,,,,,,
Late Tang Dynasty,144,105,6千手千钵文殊,佛像画Buddhist painting,Buddhism,,125,"../public/4wt/105 6千手千钵文殊.jpeg',","#ba8477,#7f3837,#7f7d7c,#4c202c,#e7c0b4",#ba8477,#7f3837,#7f7d7c,#4c202c,#e7c0b4,,,,,,
Late Tang Dynasty,144,106,7日天,佛像画Buddhist painting,Buddhism,,126,"../public/4wt/106 7日天.jpeg',","#831a11,#ba8c76,#200c14,#670f13,#76857b",#831a11,#ba8c76,#200c14,#670f13,#76857b,,,,,,
Late Tang Dynasty,144,107,8月天,佛像画Buddhist painting,Buddhism,,127,"../public/4wt/107 8月天.jpeg',","#9d6753,#661215,#5e645f,#260b12,#bd8f81",#9d6753,#661215,#5e645f,#260b12,#bd8f81,,,,,,
Late Tang Dynasty,144,108,9孔雀明王,佛像画Buddhist painting,Buddhism,,128,"../public/4wt/108 9孔雀明王.jpeg',","#946a52,#67382c,#707977,#b89b90,#3c1518",#946a52,#67382c,#707977,#b89b90,#3c1518,,,,,,
Late Tang Dynasty,144,109,10金翅鸡王,,Buddhism,,,"../public/4wt/109 10金翅鸡王.jpeg',","#b38a78,#5f2623,#8f9992,#35191e,#8b5a48",#b38a78,#5f2623,#8f9992,#35191e,#8b5a48,,,,,,
Late Tang Dynasty,144,110,11供养菩萨,佛像画Buddhist painting,Buddhism,,129,"../public/4wt/110 11供养菩萨.jpeg',","#a27b66,#521d1d,#66695f,#844e39,#2f191d",#a27b66,#521d1d,#66695f,#844e39,#2f191d,,,,,,
Late Tang Dynasty,144,111,12女供养人,供养人面画 Portrait of Donors,Life,Buddhism ,13,"../public/4wt/111 12女供养人.jpeg',","#b38982,#1f1115,#641b1a,#7a8388,#885b4f",#b38982,#1f1115,#641b1a,#7a8388,#885b4f,,,,,,
Late Tang Dynasty,144,112,13女供养人,供养人面画 Portrait of Donors,Life,Buddhism ,14,"../public/4wt/112 13女供养人.jpeg',","#9b7467,#361d1f,#bd988d,#703d2d,#706155",#9b7467,#361d1f,#bd988d,#703d2d,#706155,,,,,,
Late Tang Dynasty,145,113,1猛虎,,Life,,,"../public/4wt/113 1猛虎.jpeg',","#8d7069,#201218,#a98884,#512621,#67534b",#8d7069,#201218,#a98884,#512621,#67534b,,,,,,
Late Tang Dynasty,145,114,2如意轮观音,佛像画Buddhist painting,Buddhism,,130,"../public/4wt/114 2如意轮观音.jpeg',","#805651,#b78d87,#411d21,#888685,#632c25",#805651,#b78d87,#411d21,#888685,#632c25,,,,,,
Late Tang Dynasty,145,115,3说法图,经变画 Buddhist Sutra Art,Buddhism,,126,"../public/4wt/115 3说法图.jpeg',","#ab7961,#67312f,#3c2226,#756d55,#d9a689",#ab7961,#67312f,#3c2226,#756d55,#d9a689,,,,,,
Late Tang Dynasty,147,116,1侍童,,Life,,,"../public/4wt/116 1侍童.jpeg',","#c09f97,#9f7d70,#28171a,#7c3123,#764f3c",#c09f97,#9f7d70,#28171a,#7c3123,#764f3c,,,,,,
Late Tang Dynasty,147,117,2侍童,,Life,,,"../public/4wt/117 2侍童.jpeg',","#c49e91,#784f37,#311919,#d2b1a8,#a47d66",#c49e91,#784f37,#311919,#d2b1a8,#a47d66,,,,,,
Late Tang Dynasty,156,118,1八人对舞,故事画 Story painting,Dance,Life,132,"../public/4wt/118 1八人对舞.jpeg',","#956965,#453a48,#643431,#b8908b,#24141f",#956965,#453a48,#643431,#b8908b,#24141f,,,,,,
Late Tang Dynasty,156,119,2百戏,故事画 Story painting,Dance,Life,133,"../public/4wt/119 2百戏.jpeg',","#85695b,#5d3d2f,#ab8b83,#28191a,#585b52",#85695b,#5d3d2f,#ab8b83,#28191a,#585b52,,,,,,
Late Tang Dynasty,156,120,3持节骑,故事画 Story painting,Politics/History,Life,134,"../public/4wt/120 3持节骑.jpeg',","#976862,#421b21,#be9591,#72362c,#494357",#976862,#421b21,#be9591,#72362c,#494357,,,,,,
Late Tang Dynasty,156,121,4担舆,故事画 Story painting,Life,,135,"../public/4wt/121 4担舆.jpeg',","#a3897e,#3e2822,#7b685b,#424d46,#c2a69c",#a3897e,#3e2822,#7b685b,#424d46,#c2a69c,,,,,,
Late Tang Dynasty,156,122,5帝王图,故事画 Story painting,Politics/History,Life,136,"../public/4wt/122 5帝王图.jpeg',","#8b6652,#643728,#5d6b62,#332021,#b59584",#8b6652,#643728,#5d6b62,#332021,#b59584,,,,,,
Late Tang Dynasty,156,123,6降魔变,故事画 Story painting,Buddhism,,137,"../public/4wt/123 6降魔变.jpeg',","#7c4a3d,#b48878,#2d2d31,#5f716d,#461e21",#7c4a3d,#b48878,#2d2d31,#5f716d,#461e21,,,,,,
Late Tang Dynasty,156,124,7乐舞,,Dance,Music,,"../public/4wt/124 7乐舞.jpeg',","#8f5c42,#3c1f20,#576863,#613a2c,#1f1c22",#8f5c42,#3c1f20,#576863,#613a2c,#1f1c22,,,,,,
Late Tang Dynasty,156,125,8猎骑,故事画 Story painting,Life,,138,"../public/4wt/125 8猎骑.jpeg',","#8a5b4f,#5c302b,#321c22,#ad7e73,#6e6b6a",#8a5b4f,#5c302b,#321c22,#ad7e73,#6e6b6a,,,,,,
Late Tang Dynasty,156,126,9马车,故事画 Story painting,Life,,139,"../public/4wt/126 9马车.jpeg',","#977970,#452e2a,#67534c,#c0a29a,#20171c",#977970,#452e2a,#67534c,#c0a29a,#20171c,,,,,,
Late Tang Dynasty,156,127,10魔君弓手与魔女,故事画 Story painting,Buddhism,,140,"../public/4wt/127 10魔君弓手与魔女.jpeg',","#ab867b,#221921,#5c6b71,#59312f,#edeaea",#ab867b,#221921,#5c6b71,#59312f,#edeaea,,,,,,
Late Tang Dynasty,156,128,11女供养人行列,供养人面画 Portrait of Donors,Life,Buddhism ,15,"../public/4wt/128 11女供养人行列.jpeg',","#a68b83,#493739,#745f59,#c7b0aa,#221821",#a68b83,#493739,#745f59,#c7b0aa,#221821,,,,,,
Late Tang Dynasty,156,129,12骑马,故事画 Story painting,Life,,141,"../public/4wt/129 12骑马.jpeg',","#131115,#bf897c,#5e3437,#6d6b74,#96584d",#131115,#bf897c,#5e3437,#6d6b74,#96584d,,,,,,
Late Tang Dynasty,156,130,13骑射,故事画 Story painting,Life,,142,"../public/4wt/130 13骑射.jpeg',","#a28879,#191117,#896047,#e9e4db,#55382e",#a28879,#191117,#896047,#e9e4db,#55382e,,,,,,
Late Tang Dynasty,156,131,14敲金鼓的婆罗门,故事画 Story painting,Buddhism,,143,"../public/4wt/131 14敲金鼓的婆罗门.jpeg',","#98705f,#271b22,#719098,#5c382f,#546264",#98705f,#271b22,#719098,#5c382f,#546264,,,,,,
Late Tang Dynasty,156,132,15宋氏出行座骑,故事画 Story painting,Life,Life,144,"../public/4wt/132 15宋氏出行座骑.jpeg',","#83574b,#472829,#ae7c6e,#655d5f,#663526",#83574b,#472829,#ae7c6e,#655d5f,#663526,,,,,,
Late Tang Dynasty,156,133,16仪仗队,故事画 Story painting,War,Politics/History,145,"../public/4wt/133 16仪仗队.jpeg',","#916f6a,#5c302f,#c99d94,#8d4a37,#28161d",#916f6a,#5c302f,#c99d94,#8d4a37,#28161d,,,,,,
Late Tang Dynasty,156,134,17驿使骑1,故事画 Story painting,Life,Politics/History,146,"../public/4wt/134 17驿使骑1.jpeg',","#c19485,#6a645b,#763926,#381b1e,#9c705f",#c19485,#6a645b,#763926,#381b1e,#9c705f,,,,,,
Late Tang Dynasty,156,135,18驿使骑2,故事画 Story painting,Life,Politics/History,147,"../public/4wt/135 18驿使骑2.jpeg',","#996c61,#2e161b,#bc8e83,#676665,#703a2b",#996c61,#2e161b,#bc8e83,#676665,#703a2b,,,,,,
Late Tang Dynasty,156,136,19音乐,故事画 Story painting,Music,Life,148,"../public/4wt/136 19音乐.jpeg',","#d3aea4,#23181e,#9f736c,#75362a,#624646",#d3aea4,#23181e,#9f736c,#75362a,#624646,,,,,,
Late Tang Dynasty,156,137,20张译潮夫人宋氏出行1,故事画 Story painting,Politics/History,Life,149,"../public/4wt/137 20张译潮夫人宋氏出行1.jpeg',","#946b60,#5c3934,#675e5d,#bd9187,#2e1e21",#946b60,#5c3934,#675e5d,#bd9187,#2e1e21,,,,,,
Late Tang Dynasty,156,138,21张译潮夫人宋氏出行2,故事画 Story painting,Politics/History,Life,150,"../public/4wt/138 21张译潮夫人宋氏出行2.jpeg',","#101118,#8f6e62,#68473e,#bb958b,#412422",#101118,#8f6e62,#68473e,#bb958b,#412422,,,,,,
Late Tang Dynasty,156,139,22张译潮夫人宋氏出行3,故事画 Story painting,Politics/History,Life,151,"../public/4wt/139 22张译潮夫人宋氏出行3.jpeg',","#141218,#b88f86,#8d685a,#eee6e2,#62372c",#141218,#b88f86,#8d685a,#eee6e2,#62372c,,,,,,
Late Tang Dynasty,156,140,23张译潮夫人宋氏出行4,故事画 Story painting,Politics/History,Life,152,"../public/4wt/140 23张译潮夫人宋氏出行4.jpeg',","#c19690,#8d8a85,#583933,#9c6e63,#7f3d2f",#c19690,#8d8a85,#583933,#9c6e63,#7f3d2f,,,,,,
Late Tang Dynasty,156,141,24张译潮统军出行1,故事画 Story painting,Politics/History,War,153,"../public/4wt/141 24张译潮统军出行1.jpeg',","#906f67,#482d30,#c19c94,#556067,#753e35",#906f67,#482d30,#c19c94,#556067,#753e35,,,,,,
Late Tang Dynasty,156,142,25张译潮统军出行2,故事画 Story painting,Politics/History,War,154,"../public/4wt/142 25张译潮统军出行2.jpeg',","#9d7168,#301e24,#caa098,#6a696e,#6c3f3b",#9d7168,#301e24,#caa098,#6a696e,#6c3f3b,,,,,,
Late Tang Dynasty,156,143,26张译潮统军出行3,故事画 Story painting,Politics/History,War,155,"../public/4wt/143 26张译潮统军出行3.jpeg',","#936c69,#422e35,#6b7380,#82443b,#bd8d85",#936c69,#422e35,#6b7380,#82443b,#bd8d85,,,,,,
Late Tang Dynasty,156,144,27子弟军骑队,故事画 Story painting,Life,Politics/History,156,"../public/4wt/144 27子弟军骑队.jpeg',","#0d0e16,#6c4e48,#462b28,#927270,#52525e",#0d0e16,#6c4e48,#462b28,#927270,#52525e,,,,,,
Late Tang Dynasty,161,145,1千手千眼观音藻井,故事画 Story painting,Zaojing Pattern,Buddhism ,157,"../public/4wt/145 1千手千眼观音藻井.jpeg',","#775e55,#403135,#bea894,#ab7256,#77887f",#775e55,#403135,#bea894,#ab7256,#77887f,,,,,,
Late Tang Dynasty,161,146,2观音,佛像画Buddhist painting,Buddhism,,131,"../public/4wt/146 2观音.jpeg',","#4a2c2f,#bb8e84,#736f6d,#7b4337,#221a24",#4a2c2f,#bb8e84,#736f6d,#7b4337,#221a24,,,,,,
Late Tang Dynasty,196,147,1劳度差门圣变,故事画 Story painting,Buddhism,,158,"../public/4wt/147 1劳度差门圣变.jpeg',","#8c736d,#7f3d2f,#b99c94,#535958,#563331",#8c736d,#7f3d2f,#b99c94,#535958,#563331,,,,,,
Late Tang Dynasty,196,148,2吉祥天女,,Buddhism,,,"../public/4wt/148 2吉祥天女.jpeg',","#d0c0bd,#4a5454,#663f37,#92837b,#2f282b",#d0c0bd,#4a5454,#663f37,#92837b,#2f282b,,,,,,
Late Tang Dynasty,196,149,3飓风中的女外道,故事画 Story painting,Life,Buddhism ,159,"../public/4wt/149 3飓风中的女外道.jpeg',","#af8276,#776f68,#7d382c,#553231,#d1b6ad",#af8276,#776f68,#7d382c,#553231,#d1b6ad,,,,,,
Late Tang Dynasty,196,150,4观音地藏经刚杵菩萨,佛像画Buddhist painting,Buddhism,,132,"../public/4wt/150 4观音地藏经刚杵菩萨.jpeg',","#c7b1af,#2b1619,#6f635f,#65342b,#a58a84",#c7b1af,#2b1619,#6f635f,#65342b,#a58a84,,,,,,
Late Tang Dynasty,196,151,5文殊变,经变画 Buddhist Sutra Art,Buddhism,,127,"../public/4wt/151 5文殊变.jpeg',","#9e8d8d,#2e252b,#cfbcbc,#773e2e,#60666d",#9e8d8d,#2e252b,#cfbcbc,#773e2e,#60666d,,,,,,
Late Tang Dynasty,196,152,6千佛,佛像画Buddhist painting,Buddhism,,133,"../public/4wt/152 6千佛.jpeg',","#cfb8b0,#69362c,#676762,#462322,#9d8177",#cfb8b0,#69362c,#676762,#462322,#9d8177,,,,,,
Late Tang Dynasty,196,153,7说法图,经变画 Buddhist Sutra Art,Buddhism,,128,"../public/4wt/153 7说法图.jpeg',","#c2a9a6,#1f1518,#703025,#897b76,#56322f",#c2a9a6,#1f1518,#703025,#897b76,#56322f,,,,,,
Late Tang Dynasty,196,154,9对舞,,Dance,Buddhism ,,"../public/4wt/154 9对舞.jpeg',","#937060,#552923,#55615e,#27262a,#b4a29b",#937060,#552923,#55615e,#27262a,#b4a29b,,,,,,
Late Tang Dynasty,196,155,10迦陵平伽鸟乐舞,故事画 Story painting,Dance,,160,"../public/4wt/155 10迦陵平伽鸟乐舞.jpeg',","#3e4f4c,#c2b1a8,#4d2a26,#85756a,#1f191e",#3e4f4c,#c2b1a8,#4d2a26,#85756a,#1f191e,,,,,,
Late Tang Dynasty,196,156,11阿弥勒佛,佛像画Buddhist painting,Buddhism,,134,"../public/4wt/156 11阿弥勒佛.jpeg',","#5c332d,#c6c5c0,#547074,#302a32,#9c8a7f",#5c332d,#c6c5c0,#547074,#302a32,#9c8a7f,,,,,,
Late Tang Dynasty,196,157,12战骑,故事画 Story painting,Politics/History,Life,161,"../public/4wt/157 12战骑.jpeg',","#61665b,#b49b93,#986a56,#6f2f1e,#3c1517",#61665b,#b49b93,#986a56,#6f2f1e,#3c1517,,,,,,
Late Tang Dynasty,196,158,13耕种图,故事画 Story painting,Life,,162,"../public/4wt/158 13耕种图.jpeg',","#c7b6b3,#241c21,#b87c69,#81837a,#5f2b23",#c7b6b3,#241c21,#b87c69,#81837a,#5f2b23,,,,,,
Late Tang Dynasty,196,159,14嫁娶图,故事画 Story painting,Life,,163,"../public/4wt/159 14嫁娶图.jpeg',","#cab4a8,#2f1e1f,#8d8276,#5c1413,#a25b40",#cab4a8,#2f1e1f,#8d8276,#5c1413,#a25b40,,,,,,
Late Tang Dynasty,196,160,15大势至菩萨,佛像画Buddhist painting,Buddhism,,135,"../public/4wt/160 15大势至菩萨.jpeg',","#c0aea7,#19141a,#673522,#907b6d,#50564e",#c0aea7,#19141a,#673522,#907b6d,#50564e,,,,,,
Late Tang Dynasty,196,161,16菩萨二身,佛像画Buddhist painting,Buddhism,,136,"../public/4wt/161 16菩萨二身.jpeg',","#c0b0a9,#694536,#4a574f,#371d1c,#998275",#c0b0a9,#694536,#4a574f,#371d1c,#998275,,,,,,
Late Tang Dynasty,196,162,17侍从群像,故事画 Story painting,Politics/History,Life,164,"../public/4wt/162 17侍从群像.jpeg',","#d1c7b2,#985730,#a99788,#4a2e27,#ebe8d0",#d1c7b2,#985730,#a99788,#4a2e27,#ebe8d0,,,,,,